100.00	6039420	0	R	1	root
100.00	6039420	0	R1	131567	  cellular organisms
76.51	4620793	0	D	2	    Bacteria
28.32	1710571	0	P	1224	      Pseudomonadota
16.66	1006048	0	C	1236	        Gammaproteobacteria
6.26	377893	0	C1	33811	          unclassified Gammaproteobacteria
4.98	300945	300945	S	1913989	            Gammaproteobacteria bacterium
0.61	36885	36885	S	913327	            gamma proteobacterium SCGC AAA007-O20
0.32	19256	19256	S	1948582	            Gammaproteobacteria bacterium UBA1119
0.18	11083	11083	S	1131274	            gamma proteobacterium SCGC AB-629-P17
0.10	5913	5913	S	1811666	            Gammaproteobacteria bacterium REDSEA-S15_B12
0.03	1746	1746	S	1948647	            Gammaproteobacteria bacterium UBA7310
0.02	1101	1101	S	1948611	            Gammaproteobacteria bacterium UBA3532
0.00	88	88	S	1813817	            Gammaproteobacteria bacterium F7
0.00	209	209	S	1948658	            Gammaproteobacteria bacterium UBA7803
0.00	73	73	S	1948588	            Gammaproteobacteria bacterium UBA1961
0.00	47	47	S	1948640	            Gammaproteobacteria bacterium UBA6940
0.01	499	499	S	1948596	            Gammaproteobacteria bacterium UBA2675
0.00	27	27	S	1948649	            Gammaproteobacteria bacterium UBA7376
0.00	15	15	S	1948602	            Gammaproteobacteria bacterium UBA2955
4.72	285097	0	O	135622	          Alteromonadales
4.36	263129	0	F	72275	            Alteromonadaceae
2.94	177359	0	F1	2903219	              Alteromonas/Salinimonas group
2.93	177238	0	G	226	                Alteromonas
0.80	48204	48204	S	589873	                  Alteromonas australica
0.99	59875	59875	S	28108	                  Alteromonas macleodii
0.61	37020	37020	S	314275	                  Alteromonas mediterranea
0.07	3976	0	G1	2614992	                  unclassified Alteromonas
0.06	3503	3503	S	2779369	                    Alteromonas sp. IB21
0.00	80	80	S	2267264	                    Alteromonas sp. RKMC-009
0.00	79	79	S	2653129	                    Alteromonas sp. 38
0.00	80	80	S	1298865	                    Alteromonas sp. ALT199
0.00	39	39	S	2795688	                    Alteromonas sp. KC3
0.00	70	70	S	1714845	                    Alteromonas sp. BL110
0.00	25	25	S	2480797	                    Alteromonas sp. KUL42
0.00	37	37	S	2822692	                    Alteromonas sp. MMG017
0.00	34	34	S	1912139	                    Alteromonas sp. V450
0.00	25	25	S	2480799	                    Alteromonas sp. KUL106
0.25	15209	15209	S	2079529	                  Alteromonas alba
0.04	2366	2366	S	1892904	                  Alteromonas abrolhosensis
0.03	2077	2077	S	203795	                  Alteromonas marina
0.07	4312	4312	S	2071609	                  Alteromonas oceani
0.03	1661	1661	S	715451	                  Alteromonas naphthalenivorans
0.01	745	745	S	2803813	                  Alteromonas antoniana
0.01	519	519	S	2696062	                  Alteromonas profundi
0.01	539	539	S	2565549	                  Alteromonas portus
0.01	330	330	S	2836180	                  Alteromonas oceanisediminis
0.00	125	125	S	1479524	                  Alteromonas gracilis
0.00	60	60	S	2803815	                  Alteromonas lipotrueiana
0.00	88	88	S	233316	                  Alteromonas stellipolaris
0.00	46	46	S	315421	                  Alteromonas hispanica
0.00	52	52	S	471225	                  Alteromonas genovensis
0.00	23	23	S	1858656	                  Alteromonas pelagimontana
0.00	120	0	G	288793	                Salinimonas
0.00	59	59	S	2303538	                  Salinimonas sediminis
0.00	29	29	S	265425	                  Salinimonas chungwhensis
0.00	31	31	S	2729140	                  Salinimonas profundi
1.41	85031	0	F1	96574	              unclassified Alteromonadaceae
1.39	84104	84104	S	1951386	                Alteromonadaceae bacterium UBA2620
0.02	926	926	S	1916082	                Alteromonadaceae bacterium
0.01	493	0	G	1621534	              Paraglaciecola
0.01	462	462	S	197222	                Paraglaciecola mesophila
0.00	14	14	S	1128911	                Paraglaciecola arctica
0.00	17	17	S	368405	                Paraglaciecola chathamensis
0.00	115	0	G	2662254	              Marisediminitalea
0.00	115	115	S	634436	                Marisediminitalea aggregata
0.00	70	0	G	1406885	              Aliiglaciecola
0.00	70	70	S	477689	                Aliiglaciecola lipolytica
0.00	31	0	G	89404	              Glaciecola
0.00	31	0	G1	2618684	                unclassified Glaciecola
0.00	31	31	S	1946570	                  Glaciecola sp. UBA1851
0.00	28	0	G	2125985	              Neptunicella
0.00	28	28	S	2125989	                Neptunicella marina
0.31	18946	0	F	267888	            Pseudoalteromonadaceae
0.31	18946	0	G	53246	              Pseudoalteromonas
0.23	14051	0	G1	194690	                unclassified Pseudoalteromonas
0.23	13719	13719	S	2563601	                  Pseudoalteromonas sp. MEBiC 03607
0.00	67	67	S	2025950	                  Pseudoalteromonas sp. NBT06-2
0.00	71	71	S	53249	                  Pseudoalteromonas sp.
0.00	136	136	S	2743618	                  Pseudoalteromonas sp. 0303
0.00	23	23	S	1690037	                  Pseudoalteromonas sp. '520P1 No. 423'
0.00	33	33	S	1348395	                  Pseudoalteromonas sp. H71
0.04	2329	2329	S	288	                Pseudoalteromonas atlantica
0.02	1422	1422	S	570156	                Pseudoalteromonas lipolytica
0.01	703	703	S	1190813	                Pseudoalteromonas shioyasakiensis
0.01	314	314	S	43659	                Pseudoalteromonas tetraodonis
0.00	83	83	S	874454	                Pseudoalteromonas arabiensis
0.00	42	42	S	267375	                Pseudoalteromonas marina
0.05	2947	0	F	267893	            Idiomarinaceae
0.04	2495	0	G	135575	              Idiomarina
0.02	1004	1004	S	135577	                Idiomarina loihiensis
0.01	595	595	S	190892	                Idiomarina baltica
0.00	294	294	S	1327752	                Idiomarina aquatica
0.00	267	267	S	86102	                Idiomarina abyssalis
0.00	127	127	S	281739	                Idiomarina seosinensis
0.00	169	169	S	86103	                Idiomarina zobellii
0.00	36	36	S	1096243	                Idiomarina piscisalsi
0.01	452	0	F1	946227	              unclassified Idiomarinaceae
0.01	452	452	S	1898113	                Idiomarinaceae bacterium
0.00	43	0	F	267890	            Shewanellaceae
0.00	43	0	G	22	              Shewanella
0.00	43	0	G1	196818	                unclassified Shewanella
0.00	43	43	S	1880836	                  Shewanella sp. 10N.286.51.B7
0.00	30	0	F	267889	            Colwelliaceae
0.00	30	0	G	1407056	              Litorilituus
0.00	30	30	S	718192	                Litorilituus sediminis
2.32	140185	0	C1	118884	          Gammaproteobacteria incertae sedis
1.94	116953	0	G	655184	            Candidatus Thioglobus
1.91	115176	0	G1	2644172	              unclassified Candidatus Thioglobus
1.91	115134	115134	S	1986229	                Candidatus Thioglobus sp. MED-G25
0.00	42	42	S	2026721	                Candidatus Thioglobus sp.
0.03	1756	0	G1	655185	              environmental samples
0.03	1756	1756	S	655186	                uncultured Candidatus Thioglobus sp.
0.00	21	21	S	1705394	              Candidatus Thioglobus autotrophicus
0.38	23156	0	C2	62672	            SAR86 cluster
0.23	13657	0	C3	62673	              environmental samples
0.23	13657	13657	S	648174	                uncultured SAR86 cluster bacterium
0.16	9432	9432	S	1811643	              SAR86 cluster bacterium REDSEA-S09_B4
0.00	66	66	S	2162562	              SAR86 cluster bacterium AG-339-G14
0.00	41	0	C2	744995	            OMG group
0.00	22	0	C3	745001	              K189A clade
0.00	22	22	S	2315472	                K189A clade bacterium
0.00	19	0	C3	745002	              OM182 clade
0.00	19	19	S	1986256	                OM182 bacterium MED-G28
0.00	34	0	G	1524249	            Pseudohongiella
0.00	34	0	G1	1772215	              environmental samples
0.00	34	34	S	1772216	                uncultured Pseudohongiella sp.
1.12	67752	0	O	72274	          Pseudomonadales
0.60	36089	0	F	2887365	            Marinobacteraceae
0.60	36089	0	G	2742	              Marinobacter
0.18	10625	10625	S	2743	                Marinobacter nauticus
0.03	1629	0	G1	83889	                unclassified Marinobacter
0.01	839	839	S	2137198	                  Marinobacter sp. B9-2
0.00	243	243	S	2304594	                  Marinobacter sp. Arc7-DN-1
0.00	130	130	S	50741	                  Marinobacter sp.
0.00	216	216	S	1749259	                  Marinobacter sp. LQ44
0.00	81	81	S	1849169	                  Marinobacter sp. EhC06
0.00	25	25	S	2488665	                  Marinobacter sp. NP-4(2019)
0.00	72	72	S	1761794	                  Marinobacter sp. es.042
0.00	20	20	S	1879031	                  Marinobacter sp. AC-23
0.05	3208	3208	S	355591	                Marinobacter vinifirmus
0.21	12633	12633	S	1150997	                Marinobacter manganoxydans
0.02	1368	1368	S	2109942	                Marinobacter fuscus
0.01	701	701	S	430453	                Marinobacter segnicrescens
0.07	4017	4017	S	262076	                Marinobacter flavimaris
0.01	393	393	S	418719	                Marinobacter salsuginis
0.00	179	179	S	135739	                Marinobacter lutaoensis
0.00	269	269	S	1420917	                Marinobacter salarius
0.01	650	650	S	1033846	                Marinobacter adhaerens
0.00	102	102	S	209639	                Marinobacter lipolyticus
0.00	120	120	S	930118	                Marinobacter persicus
0.00	128	128	S	1389223	                Marinobacter shengliensis
0.00	36	36	S	187981	                Marinobacter litoralis
0.00	24	24	S	2666256	                Marinobacter profundi
0.52	31616	0	F	135621	            Pseudomonadaceae
0.35	21186	0	G	286	              Pseudomonas
0.35	20961	0	G1	196821	                unclassified Pseudomonas
0.30	18155	18155	S	306	                  Pseudomonas sp.
0.05	2806	2806	S	2487347	                  Pseudomonas sp. SSM44
0.00	79	79	S	437900	                Pseudomonas marincola
0.00	105	105	S	2725477	                Pseudomonas tohonis
0.00	39	39	S	2586906	                Pseudomonas saliphila
0.17	10296	0	G	2901189	              Halopseudomonas
0.13	8143	0	G1	136844	                Halopseudomonas pertucinogena group
0.13	8143	8143	S	857252	                  Halopseudomonas aestusnigri
0.01	820	820	S	254161	                Halopseudomonas pachastrellae
0.01	558	558	S	857227	                Halopseudomonas gallaeciensis
0.00	293	293	S	472181	                Halopseudomonas sabulinigri
0.01	307	307	S	553151	                Halopseudomonas pelagia
0.00	157	157	S	1708783	                Halopseudomonas oceani
0.00	15	15	S	1323744	                Halopseudomonas salina
0.00	77	0	G	2901164	              Stutzerimonas
0.00	77	0	G1	136846	                Stutzerimonas stutzeri group
0.00	77	0	G2	578833	                  Stutzerimonas stutzeri subgroup
0.00	77	77	S	316	                    Stutzerimonas stutzeri
0.00	55	0	F1	190017	              unclassified Pseudomonadaceae
0.00	55	55	S	1952795	                Pseudomonadaceae bacterium UBA836
0.00	46	0	O1	87634	            unclassified Pseudomonadales
0.00	46	46	S	1891229	              Pseudomonadales bacterium
0.81	49062	0	O	1692040	          Acidiferrobacterales
0.81	49062	0	F	1692041	            Acidiferrobacteraceae
0.81	49062	0	F1	2024892	              unclassified Acidiferrobacteraceae
0.81	49062	49062	S	2024893	                Acidiferrobacteraceae bacterium
0.73	44163	0	O	135619	          Oceanospirillales
0.40	24275	0	F	28256	            Halomonadaceae
0.35	21214	0	G	2745	              Halomonas
0.22	13370	13370	S	77097	                Halomonas aquamarina
0.03	1534	0	G1	2609666	                unclassified Halomonas
0.02	1033	1033	S	1486246	                  Halomonas sp.
0.00	273	273	S	1946584	                  Halomonas sp. UBA3074
0.00	227	227	S	2785909	                  Halomonas sp. A40-4
0.04	2146	2146	S	284577	                Halomonas taeanensis
0.01	873	873	S	2729618	                Halomonas sedimenti
0.02	1146	1146	S	1144478	                Halomonas lionensis
0.01	625	625	S	42565	                Halomonas salina
0.01	409	409	S	2609667	                Halomonas piezotolerans
0.00	220	220	S	115553	                Halomonas sulfidaeris
0.00	169	169	S	1449798	                Halomonas salicampi
0.00	222	222	S	29570	                Halomonas meridiana
0.00	73	73	S	1178777	                Halomonas zincidurans
0.00	156	156	S	664683	                Halomonas titanicae
0.00	49	49	S	232346	                Halomonas alkaliantarctica
0.00	67	67	S	502829	                Halomonas hamiltonii
0.00	86	86	S	502821	                Halomonas stevensii
0.00	61	61	S	186761	                Halomonas glaciei
0.04	2370	0	G	404432	              Salinicola
0.04	2229	2229	S	430457	                Salinicola salarius
0.00	141	0	G1	2634022	                unclassified Salinicola
0.00	141	141	S	1978524	                  Salinicola sp.
0.01	600	0	G	204286	              Cobetia
0.01	600	600	S	1055104	                Cobetia amphilecti
0.00	90	0	G	42054	              Chromohalobacter
0.00	90	90	S	141390	                Chromohalobacter israelensis
0.26	15578	0	F	224372	            Alcanivoracaceae
0.21	12656	0	G	3020832	              Alloalcanivorax
0.18	10883	10883	S	172371	                Alloalcanivorax venustensis
0.02	1016	1016	S	2735259	                Alloalcanivorax profundimaris
0.01	679	679	S	1194167	                Alloalcanivorax gelatiniphagus
0.00	53	53	S	1177169	                Alloalcanivorax marinus
0.00	23	23	S	2019569	                Alloalcanivorax mobilis
0.04	2474	0	G	59753	              Alcanivorax
0.03	1640	0	G1	2638842	                unclassified Alcanivorax
0.01	730	730	S	1798238	                  Alcanivorax sp. DSM 26293
0.01	464	464	S	1872427	                  Alcanivorax sp.
0.01	412	412	S	1945988	                  Alcanivorax sp. UBA4485
0.00	33	33	S	2545266	                  Alcanivorax sp. 24
0.01	764	764	S	64988	                Alcanivorax jadensis
0.00	68	68	S	519051	                Alcanivorax hongdengensis
0.01	368	0	F1	300692	              unclassified Alcanivoraceae
0.01	368	368	S	2024895	                Alcanivoracaceae bacterium
0.00	78	0	G	2025617	              Ketobacter
0.00	78	0	G1	2639109	                unclassified Ketobacter
0.00	78	78	S	2083498	                  Ketobacter sp.
0.07	4309	0	F	135620	            Oceanospirillaceae
0.04	2140	0	F1	221817	              unclassified Oceanospirillaceae
0.04	2140	2140	S	1899355	                Oceanospirillaceae bacterium
0.02	1341	0	G	187492	              Thalassolituus
0.01	707	0	G1	2624967	                unclassified Thalassolituus
0.01	412	412	S	1947651	                  Thalassolituus sp. UBA1087
0.00	245	245	S	1947659	                  Thalassolituus sp. UBA2107
0.00	28	28	S	2597518	                  Thalassolituus sp. C2-1
0.00	21	21	S	1947666	                  Thalassolituus sp. UBA674
0.01	633	633	S	187493	                Thalassolituus oleivorans
0.01	621	0	G	459520	              Neptuniibacter
0.01	535	0	G1	2630693	                unclassified Neptuniibacter
0.01	535	535	S	1946976	                  Neptuniibacter sp. UBA6509
0.00	86	86	S	1806669	                Neptuniibacter pectenicola
0.00	106	0	G	48075	              Marinobacterium
0.00	66	66	S	48076	                Marinobacterium iners
0.00	40	40	S	404770	                Marinobacterium litorale
0.00	55	0	G	599651	              Bermanella
0.00	55	0	G1	2627862	                unclassified Bermanella
0.00	55	55	S	2024825	                  Bermanella sp.
0.00	45	0	G	196079	              Oceanobacter
0.00	45	0	G1	2620260	                unclassified Oceanobacter
0.00	45	45	S	2030817	                  Oceanobacter sp.
0.17	10159	0	C1	50423	          environmental samples
0.17	10159	10159	S	86473	            uncultured Gammaproteobacteria bacterium
0.13	7836	0	O	135613	          Chromatiales
0.13	7611	0	F	1738654	            Woeseiaceae
0.13	7586	0	F1	2026805	              unclassified Woeseiaceae
0.13	7586	7586	S	2026806	                Woeseiaceae bacterium
0.00	25	0	F1	1983304	              environmental samples
0.00	25	25	S	1983305	                uncultured Woeseiaceae bacterium
0.00	172	0	F	1046	            Chromatiaceae
0.00	137	0	G	67575	              Rheinheimera
0.00	137	137	S	412437	                Rheinheimera aquimaris
0.00	34	0	G	336830	              Arsukibacterium
0.00	34	0	G1	2635278	                unclassified Arsukibacterium
0.00	34	34	S	1946058	                  Arsukibacterium sp. UBA3155
0.00	51	0	O1	2576752	            unclassified Chromatiales
0.00	51	51	S	2026725	              Chromatiales bacterium
0.13	7758	0	O	2887326	          Moraxellales
0.13	7758	0	F	468	            Moraxellaceae
0.12	7171	0	G	497	              Psychrobacter
0.11	6861	6861	S	154108	                Psychrobacter submarinus
0.00	145	0	G1	196806	                unclassified Psychrobacter
0.00	145	145	S	1926478	                  Psychrobacter sp. Cmf 22.2
0.00	64	64	S	306572	                Psychrobacter celer
0.00	48	48	S	554343	                Psychrobacter piscatorii
0.00	50	50	S	112002	                Psychrobacter pacificensis
0.01	586	0	G	469	              Acinetobacter
0.01	306	306	S	70346	                Acinetobacter variabilis
0.00	230	230	S	108980	                Acinetobacter ursingii
0.00	50	50	S	52133	                Acinetobacter venetianus
0.12	7013	0	O	135614	          Xanthomonadales
0.12	7013	0	O1	451320	            unclassified Xanthomonadales
0.12	7013	7013	S	2006849	              Xanthomonadales bacterium
0.05	2991	0	O	1706369	          Cellvibrionales
0.04	2355	0	F	1706375	            Spongiibacteraceae
0.04	2342	0	G	630749	              Spongiibacter
0.03	1777	1777	S	354246	                Spongiibacter marinus
0.01	565	565	S	454602	                Spongiibacter tropicus
0.00	12	0	G	1434044	              Sinobacterium
0.00	12	12	S	933926	                Sinobacterium caligoides
0.01	317	0	F	1706372	            Halieaceae
0.00	183	0	G	393661	              Congregibacter
0.00	183	183	S	393662	                Congregibacter litoralis
0.00	115	0	G	1217416	              Halioglobus
0.00	97	0	G1	2618068	                unclassified Halioglobus
0.00	97	97	S	2024834	                  Halioglobus sp.
0.00	18	18	S	930806	                Halioglobus pacificus
0.00	18	0	F1	1706379	              unclassified Halieaceae
0.00	18	18	S	2026743	                Halieaceae bacterium
0.00	253	0	F	1706374	            Porticoccaceae
0.00	208	0	F1	1706432	              unclassified Porticoccaceae
0.00	90	90	S	2026782	                Porticoccaceae bacterium
0.00	64	64	S	1952748	                Porticoccaceae bacterium UBA1117
0.00	53	0	F2	745004	                SAR92 clade
0.00	53	0	F3	745005	                  environmental samples
0.00	53	53	S	1118066	                    uncultured SAR92 cluster bacterium
0.00	44	0	G	1123967	              Porticoccus
0.00	44	44	S	1073414	                Porticoccus hydrocarbonoclasticus
0.00	65	0	F	1706371	            Cellvibrionaceae
0.00	65	0	G	10	              Cellvibrio
0.00	65	65	S	39650	                Cellvibrio mixtus
0.04	2557	0	O	742030	          Salinisphaerales
0.04	2557	0	F	742031	            Salinisphaeraceae
0.04	2557	0	G	180541	              Salinisphaera
0.04	2223	2223	S	180542	                Salinisphaera shabanensis
0.01	333	0	G1	2649847	                unclassified Salinisphaera
0.00	287	287	S	1947455	                  Salinisphaera sp. UBA6602
0.00	46	46	S	1914330	                  Salinisphaera sp.
0.03	1995	0	O	72273	          Thiotrichales
0.02	974	0	O1	939858	            unclassified Thiotrichales
0.02	974	974	S	2026796	              Thiotrichales bacterium
0.01	676	0	F	135616	            Piscirickettsiaceae
0.01	605	0	G	40222	              Methylophaga
0.01	605	0	G1	2629249	                unclassified Methylophaga
0.01	512	512	S	2024840	                  Methylophaga sp.
0.00	92	92	S	1946878	                  Methylophaga sp. UBA2689
0.00	70	0	G	34067	              Cycloclasticus
0.00	70	0	G1	2621467	                unclassified Cycloclasticus
0.00	70	70	S	2024830	                  Cycloclasticus sp.
0.01	308	0	F	34064	            Francisellaceae
0.01	308	0	F1	393691	              environmental samples
0.01	308	308	S	393692	                uncultured Francisellaceae bacterium
0.00	35	0	F	135617	            Thiotrichaceae
0.00	22	0	F1	269023	              unclassified Thiotrichaceae
0.00	22	22	S	2030882	                Thiotrichaceae bacterium
0.00	13	0	G	1030	              Thiothrix
0.00	13	0	G1	141382	                environmental samples
0.00	13	13	S	223185	                  uncultured Thiothrix sp.
0.01	635	0	O	118969	          Legionellales
0.01	635	0	O1	2570685	            unclassified Legionellales
0.01	635	635	S	2026754	              Legionellales bacterium
0.01	520	0	O	135623	          Vibrionales
0.01	520	0	F	641	            Vibrionaceae
0.01	373	0	G	657	              Photobacterium
0.01	318	0	G1	2628852	                unclassified Photobacterium
0.01	318	318	S	121723	                  Photobacterium sp. SKA34
0.00	55	55	S	661	                Photobacterium angustum
0.00	146	0	G	662	              Vibrio
0.00	146	0	G1	717610	                Vibrio harveyi group
0.00	39	0	G2	2929160	                  unclassified Vibrio harveyi group
0.00	39	39	S	314289	                    Vibrio sp. AND4
0.00	107	107	S	50718	                  Vibrio mytili
0.00	255	0	O	135618	          Methylococcales
0.00	153	0	F	403	            Methylococcaceae
0.00	153	0	F1	51352	              unclassified Methylococcaceae
0.00	153	153	S	1952219	                Methylococcaceae bacterium UBA1147
0.00	102	0	O1	2202198	            unclassified Methylococcales
0.00	102	102	S	1920888	              Methylococcales bacterium OPU3_GD_OMZ
0.00	129	0	O	91347	          Enterobacterales
0.00	129	0	F	1903414	            Morganellaceae
0.00	129	0	G	586	              Providencia
0.00	129	129	S	2027290	                Providencia huaxiensis
0.00	40	0	O	1775403	          Nevskiales
0.00	40	0	F	568386	            Sinobacteraceae
0.00	40	0	G	1274363	              Polycyclovorans
0.00	40	0	G1	2633197	                unclassified Polycyclovorans
0.00	40	40	S	2024852	                  Polycyclovorans sp.
11.40	688690	0	C	28211	        Alphaproteobacteria
5.95	359465	0	O	54526	          Pelagibacterales
5.57	336429	0	F	1655514	            Pelagibacteraceae
3.92	236962	0	F1	1667050	              environmental samples
3.92	236962	236962	S	1667051	                uncultured Pelagibacteraceae bacterium
1.45	87378	0	F1	1655516	              unclassified Pelagibacteraceae
0.42	25326	25326	S	2026775	                Pelagibacteraceae bacterium
0.43	26237	26237	S	939324	                alpha proteobacterium SCGC AAA288-G21
0.23	13980	13980	S	2162008	                Pelagibacteraceae bacterium AG-464-P07
0.14	8648	8648	S	939346	                alpha proteobacterium SCGC AAA288-N07
0.11	6729	6729	S	939306	                alpha proteobacterium SCGC AAA240-E13
0.02	1342	1342	S	2162007	                Pelagibacteraceae bacterium AG-464-B04
0.08	4807	4807	S	939316	                alpha proteobacterium SCGC AAA288-E13
0.00	70	70	S	2162009	                Pelagibacteraceae bacterium AG-470-E16
0.00	83	83	S	2162014	                Pelagibacteraceae bacterium AG-414-E02
0.00	150	150	S	2162011	                Pelagibacteraceae bacterium AG-470-G21
0.20	12088	0	G	198251	              Candidatus Pelagibacter
0.19	11340	0	G1	2647897	                unclassified Candidatus Pelagibacter
0.19	11340	11340	S	2024849	                  Candidatus Pelagibacter sp.
0.00	232	0	G1	372458	                environmental samples
0.00	232	232	S	372654	                  uncultured Candidatus Pelagibacter sp.
0.01	514	514	S	198252	                Candidatus Pelagibacter ubique
0.38	23035	0	O1	1778488	            unclassified Pelagibacterales
0.38	23035	23035	S	2026776	              Pelagibacterales bacterium
1.72	103752	0	C1	33807	          unclassified Alphaproteobacteria
0.55	33056	33056	S	2013072	            Alphaproteobacteria bacterium MarineAlpha3_Bin6
0.40	24040	24040	S	2013078	            Alphaproteobacteria bacterium MarineAlpha5_Bin3
0.22	13313	13313	S	2013070	            Alphaproteobacteria bacterium MarineAlpha3_Bin4
0.29	17361	17361	S	2013069	            Alphaproteobacteria bacterium MarineAlpha3_Bin3
0.10	5783	5783	S	2013104	            Alphaproteobacteria bacterium MarineAlpha10_Bin2
0.12	7525	7525	S	1913988	            Alphaproteobacteria bacterium
0.02	1376	1376	S	2013102	            Alphaproteobacteria bacterium MarineAlpha9_Bin7
0.01	654	654	S	2013089	            Alphaproteobacteria bacterium MarineAlpha6_Bin2
0.00	196	196	S	2013096	            Alphaproteobacteria bacterium MarineAlpha9_Bin1
0.00	126	126	S	2013101	            Alphaproteobacteria bacterium MarineAlpha9_Bin6
0.00	127	127	S	2013080	            Alphaproteobacteria bacterium MarineAlpha5_Bin5
0.00	67	67	S	2013068	            Alphaproteobacteria bacterium MarineAlpha3_Bin2
0.00	34	34	S	2013073	            Alphaproteobacteria bacterium MarineAlpha3_Bin7
0.00	37	37	S	2013087	            Alphaproteobacteria bacterium MarineAlpha5_Bin12
0.00	26	26	S	1948430	            Alphaproteobacteria bacterium UBA6544
0.00	23	23	S	2013091	            Alphaproteobacteria bacterium MarineAlpha6_Bin4
1.43	86068	0	O	204457	          Sphingomonadales
1.20	72762	0	F	335929	            Erythrobacteraceae
0.90	54527	0	F1	2800788	              Erythrobacter/Porphyrobacter group
0.90	54527	0	G	1041	                Erythrobacter
0.86	52081	0	G1	2633097	                  unclassified Erythrobacter
0.67	40747	40747	S	2785907	                    Erythrobacter sp. A30-3
0.16	9674	9674	S	1042	                    Erythrobacter sp.
0.02	921	921	S	1822240	                    Erythrobacter sp. HI0063
0.01	544	544	S	2653850	                    Erythrobacter sp. 3-20A1M
0.00	193	193	S	1946470	                    Erythrobacter sp. UBA2510
0.03	2066	2066	S	2182384	                  Erythrobacter aureus
0.00	138	138	S	1044	                  Erythrobacter longus
0.00	240	240	S	39960	                  Erythrobacter litoralis
0.28	17176	0	G	1855416	              Qipengyuania
0.28	16625	16625	S	225971	                Qipengyuania citrea
0.00	246	246	S	291985	                Qipengyuania vulgaris
0.00	193	193	S	994320	                Qipengyuania pelagi
0.00	64	64	S	192812	                Qipengyuania flava
0.00	46	46	S	604088	                Qipengyuania nanhaisediminis
0.01	654	0	G	1295327	              Croceicoccus
0.01	654	0	G1	2629967	                unclassified Croceicoccus
0.01	654	654	S	1927144	                  Croceicoccus sp.
0.00	265	0	G	2800681	              Aurantiacibacter
0.00	124	124	S	1648404	                Aurantiacibacter atlanticus
0.00	141	141	S	2307003	                Aurantiacibacter zhengii
0.00	54	0	G	2852059	              Actirhodobacter
0.00	54	54	S	2744473	                Actirhodobacter atriluteus
0.00	33	0	G	2800685	              Pelagerythrobacter
0.00	33	33	S	2306995	                Pelagerythrobacter aerophilus
0.00	29	0	G	2800686	              Tsuneonella
0.00	29	29	S	2306996	                Tsuneonella suprasediminis
0.00	20	0	G	2676755	              Croceibacterium
0.00	20	20	S	1267766	                Croceibacterium atlanticum
0.22	13129	0	F	41297	            Sphingomonadaceae
0.13	7741	0	G	2709686	              Novosphingopyxis
0.11	6764	6764	S	2762729	                Novosphingopyxis iocasae
0.02	977	977	S	279369	                Novosphingopyxis baekryungensis
0.03	1656	0	G	13687	              Sphingomonas
0.03	1600	0	G1	196159	                unclassified Sphingomonas
0.02	1494	1494	S	314266	                  Sphingomonas sp. SKA58
0.00	105	105	S	1564113	                  Sphingomonas sp. Ant H11
0.00	56	56	S	237611	                Sphingomonas abaci
0.02	1320	0	G	72173	              Citromicrobium
0.02	1173	0	G1	2630544	                unclassified Citromicrobium
0.02	1066	1066	S	2024827	                  Citromicrobium sp.
0.00	107	107	S	1946345	                  Citromicrobium sp. UBA3494
0.00	146	146	S	72174	                Citromicrobium bathyomarinum
0.02	1086	0	G	165695	              Sphingobium
0.01	552	0	G1	2611147	                unclassified Sphingobium
0.01	486	486	S	1768781	                  Sphingobium sp. CCH11-B1
0.00	65	65	S	1207055	                  Sphingobium sp. C100
0.01	392	392	S	121428	                Sphingobium xenophagum
0.00	94	94	S	522773	                Sphingobium lactosutens
0.00	46	46	S	332055	                Sphingobium indicum
0.01	431	0	G	1234545	              Parasphingopyxis
0.01	431	0	G1	1547917	                environmental samples
0.01	431	431	S	1547918	                  uncultured Parasphingopyxis sp.
0.01	379	0	G	165697	              Sphingopyxis
0.01	320	0	G1	2614943	                unclassified Sphingopyxis
0.01	320	320	S	1908224	                  Sphingopyxis sp.
0.00	36	36	S	33050	                Sphingopyxis macrogoltabida
0.00	22	22	S	436663	                Sphingopyxis indica
0.00	234	0	G	165696	              Novosphingobium
0.00	210	210	S	462949	                Novosphingobium indicum
0.00	23	23	S	205844	                Novosphingobium pentaromativorans
0.00	106	0	G	1434046	              Sphingorhabdus
0.00	106	0	G1	2614947	                unclassified Sphingorhabdus
0.00	106	106	S	2653173	                  Sphingorhabdus sp. 109
0.00	92	0	G	2676233	              Sphingosinithalassobacter
0.00	92	92	S	2676234	                Sphingosinithalassobacter portus
0.00	43	0	G	1649486	              Rhizorhabdus
0.00	43	43	S	439228	                Rhizorhabdus histidinilytica
0.00	36	0	G	1124625	              Stakelama
0.00	36	36	S	517720	                Stakelama pacifica
0.00	147	0	O1	451299	            unclassified Sphingomonadales
0.00	147	147	S	1978525	              Sphingomonadales bacterium
0.00	28	0	F	2820280	            Sphingosinicellaceae
0.00	28	0	G	1960290	              Pacificimonas
0.00	28	28	S	1234595	                Pacificimonas flava
0.58	34839	0	O	766	          Rickettsiales
0.58	34839	0	O1	1699067	            unclassified Rickettsiales
0.58	34839	34839	S	2026788	              Rickettsiales bacterium
0.47	28110	0	O	204441	          Rhodospirillales
0.43	26171	0	F	41295	            Rhodospirillaceae
0.43	26171	0	F1	41296	              unclassified Rhodospirillaceae
0.43	26153	26153	S	1898112	                Rhodospirillaceae bacterium
0.00	18	18	S	1952852	                Rhodospirillaceae bacterium UBA2165
0.02	1194	0	F	2844866	            Thalassospiraceae
0.02	1194	0	G	168934	              Thalassospira
0.01	783	0	G1	2648997	                unclassified Thalassospira
0.01	664	664	S	501834	                  Thalassospira sp. MCCC 1A01148
0.00	118	118	S	1912094	                  Thalassospira sp.
0.00	245	245	S	168935	                Thalassospira lucentensis
0.00	165	165	S	502049	                Thalassospira profundimaris
0.01	521	0	O1	941843	            unclassified Rhodospirillales
0.01	521	521	S	2026786	              Rhodospirillales bacterium
0.00	192	0	F	2066434	            Geminicoccaceae
0.00	192	0	G	171436	              Tistrella
0.00	192	192	S	171437	                Tistrella mobilis
0.00	30	0	F	2844864	            Thalassobaculaceae
0.00	30	0	G	390876	              Nisaea
0.00	30	0	G1	2638033	                unclassified Nisaea
0.00	30	30	S	2024842	                  Nisaea sp.
0.40	23879	0	O	2800060	          Hyphomonadales
0.40	23879	0	F	69657	            Hyphomonadaceae
0.21	12544	0	G	85	              Hyphomonas
0.07	4378	0	G1	2630699	                unclassified Hyphomonas
0.05	2897	2897	S	87	                  Hyphomonas sp.
0.01	733	733	S	1207058	                  Hyphomonas sp. L-53-1-40
0.01	554	554	S	1280944	                  Hyphomonas sp. CY54-11-8
0.00	151	151	S	1946637	                  Hyphomonas sp. UBA5111
0.00	40	40	S	1970392	                  Hyphomonas sp. 34-62-18
0.09	5503	5503	S	81029	                Hyphomonas adhaerens
0.03	1782	1782	S	1280948	                Hyphomonas atlantica
0.01	774	774	S	1280941	                Hyphomonas pacifica
0.00	65	65	S	1280947	                Hyphomonas chukchiensis
0.00	40	40	S	81033	                Hyphomonas oceanitis
0.17	10479	0	G	453849	              Henriciella
0.17	10401	0	G1	2627644	                unclassified Henriciella
0.17	10401	10401	S	1968823	                  Henriciella sp.
0.00	51	51	S	545261	                Henriciella aquimarina
0.00	26	26	S	568102	                Henriciella litoralis
0.01	399	0	G	2723	              Hirschia
0.01	399	0	G1	2618772	                unclassified Hirschia
0.01	399	399	S	2024835	                  Hirschia sp.
0.01	361	0	G	1123044	              Ponticaulis
0.01	361	0	G1	2614922	                unclassified Ponticaulis
0.01	361	361	S	2020902	                  Ponticaulis sp.
0.00	94	0	F1	69658	              unclassified Hyphomonadaceae
0.00	70	70	S	1986776	                Hyphomonadaceae bacterium TMED5
0.00	23	23	S	1629720	                Hyphomonadaceae bacterium BRH_c29
0.39	23345	0	O	204455	          Rhodobacterales
0.19	11708	0	F	2854170	            Roseobacteraceae
0.09	5701	0	G	263377	              Salipiger
0.06	3494	3494	S	1229727	                Salipiger profundus
0.03	2040	2040	S	344736	                Salipiger bermudensis
0.00	106	106	S	282683	                Salipiger thiooxidans
0.00	60	60	S	555512	                Salipiger marinus
0.05	3172	0	G	60136	              Sulfitobacter
0.02	1374	0	G1	196795	                unclassified Sulfitobacter
0.01	747	747	S	1968541	                  Sulfitobacter sp. D7
0.01	412	412	S	2821105	                  Sulfitobacter sp. R18_2
0.00	214	214	S	1903071	                  Sulfitobacter sp.
0.03	1675	1675	S	60137	                Sulfitobacter pontiacus
0.00	123	123	S	335975	                Sulfitobacter litoralis
0.02	1445	0	G	74030	              Roseovarius
0.00	211	0	G1	2614913	                unclassified Roseovarius
0.00	211	211	S	1486281	                  Roseovarius sp.
0.01	609	609	S	505353	                Roseovarius halotolerans
0.00	241	241	S	540747	                Roseovarius indicus
0.00	278	278	S	215743	                Roseovarius mucosus
0.00	71	71	S	2044597	                Roseovarius nitratireducens
0.00	32	32	S	74031	                Roseovarius tolerans
0.01	494	0	G	1400062	              Tranquillimonas
0.01	494	494	S	441119	                Tranquillimonas alkanivorans
0.01	432	0	G	2433	              Roseobacter
0.01	432	0	G1	196798	                unclassified Roseobacter
0.01	432	432	S	314262	                  Roseobacter sp. MED193
0.00	254	0	G	302485	              Phaeobacter
0.00	254	254	S	60890	                Phaeobacter gallaeciensis
0.00	99	0	G	404235	              Maritimibacter
0.00	99	0	G1	2635563	                unclassified Maritimibacter
0.00	99	99	S	2003363	                  Maritimibacter sp.
0.00	39	0	G	1433986	              Actibacterium
0.00	39	39	S	1614693	                Actibacterium naphthalenivorans
0.00	37	0	G	335927	              Thalassobius
0.00	37	0	G1	2619711	                unclassified Thalassobius
0.00	37	37	S	1979401	                  Thalassobius sp.
0.00	29	0	G	188905	              Jannaschia
0.00	29	29	S	188906	                Jannaschia helgolandensis
0.19	11637	0	F	31989	            Paracoccaceae
0.10	6333	0	F1	58840	              unclassified Paracoccaceae
0.10	6333	6333	S	1904441	                Paracoccaceae bacterium
0.02	1419	0	G	265	              Paracoccus
0.02	1419	0	G1	2688777	                unclassified Paracoccus (in: a-proteobacteria)
0.02	1121	1121	S	1947056	                  Paracoccus sp. UBA889
0.00	298	298	S	2821098	                  Paracoccus sp. R12_2
0.02	1053	0	G	1931200	              Marinibacterium
0.02	1053	1053	S	1679460	                Marinibacterium profundimaris
0.02	942	0	G	2083206	              Tritonibacter
0.01	751	751	S	379347	                Tritonibacter mobilis
0.00	190	190	S	483013	                Tritonibacter scottomollicae
0.01	567	0	G	1679449	              Pseudooceanicola
0.01	435	435	S	1461694	                Pseudooceanicola atlanticus
0.00	132	132	S	375761	                Pseudooceanicola nanhaiensis
0.01	504	0	G	663242	              Albimonas
0.01	464	464	S	356660	                Albimonas donghaensis
0.00	40	40	S	1114924	                Albimonas pacifica
0.01	489	0	G	2846749	              Pacificitalea
0.01	489	489	S	1411902	                Pacificitalea manganoxidans
0.00	99	0	G	2823226	              Allosediminivita
0.00	99	99	S	1267769	                Allosediminivita pacifica
0.00	53	0	G	2211638	              Limimaricola
0.00	53	53	S	1125964	                Limimaricola cinnabarinus
0.00	43	0	G	2813041	              Vannielia
0.00	43	43	S	1217970	                Vannielia litorea
0.00	36	0	G	34008	              Rhodovulum
0.00	36	0	G1	2631432	                unclassified Rhodovulum
0.00	36	36	S	34009	                  Rhodovulum sp.
0.00	35	0	G	2840314	              Alterinioella
0.00	35	35	S	2735915	                Alterinioella nitratireducens
0.00	29	0	G	633130	              Thalassobium
0.00	29	0	G1	2624311	                unclassified Thalassobium
0.00	29	29	S	2030825	                  Thalassobium sp.
0.00	28	0	G	2824249	              Arenibacterium
0.00	28	28	S	2583821	                Arenibacterium halophilum
0.29	17676	0	C1	47925	          environmental samples
0.29	17676	17676	S	91750	            uncultured Alphaproteobacteria bacterium
0.14	8188	0	O	356	          Hyphomicrobiales
0.05	3253	0	F	119043	            Rhodobiaceae
0.05	3253	0	F1	1712260	              unclassified Rhodobiaceae
0.05	3039	3039	S	2026785	                Rhodobiaceae bacterium
0.00	214	214	S	1952834	                Rhodobiaceae bacterium UBA7804
0.05	2745	0	F	255475	            Aurantimonadaceae
0.03	1824	0	G	293088	              Martelella
0.03	1558	0	G1	2629616	                unclassified Martelella
0.03	1558	1558	S	686597	                  Martelella sp. AD-3
0.00	266	266	S	293089	                Martelella mediterranea
0.01	582	0	G	182269	              Aurantimonas
0.01	582	582	S	182270	                Aurantimonas coralicida
0.01	308	0	G	217510	              Fulvimarina
0.00	229	0	G1	2618750	                unclassified Fulvimarina
0.00	229	229	S	1969479	                  Fulvimarina sp.
0.00	79	79	S	937218	                Fulvimarina manganoxydans
0.00	30	0	G	1775688	              Jiella
0.00	30	30	S	2696469	                Jiella pacifica
0.03	1627	0	F	2821832	            Stappiaceae
0.02	1271	0	G	152161	              Stappia
0.02	1088	0	G1	2629676	                unclassified Stappia
0.02	1088	1088	S	1870903	                  Stappia sp.
0.00	183	183	S	538381	                Stappia indica
0.01	355	0	G	150830	              Roseibium
0.01	355	355	S	187304	                Roseibium aggregatum
0.00	140	0	F	2829814	            Ahrensiaceae
0.00	140	0	G	152180	              Ahrensia
0.00	140	0	G1	2685101	                unclassified Ahrensia
0.00	140	140	S	1872419	                  Ahrensia sp.
0.00	128	0	F	119045	            Methylobacteriaceae
0.00	128	0	G	407	              Methylobacterium
0.00	128	128	S	107400	                Methylobacterium fujisawaense
0.00	98	0	O1	41292	            unclassified Hyphomicrobiales
0.00	98	98	S	1909294	              Hyphomicrobiales bacterium
0.00	91	0	F	69277	            Phyllobacteriaceae
0.00	60	0	G	274591	              Hoeflea
0.00	60	0	G1	2614931	                unclassified Hoeflea
0.00	60	60	S	1940281	                  Hoeflea sp.
0.00	30	0	G	245876	              Nitratireductor
0.00	30	0	G1	2641084	                unclassified Nitratireductor
0.00	30	30	S	1872084	                  Nitratireductor sp.
0.00	42	0	F	2831106	            Devosiaceae
0.00	42	0	G	1082930	              Pelagibacterium
0.00	42	0	G1	2623280	                unclassified Pelagibacterium
0.00	42	42	S	1967288	                  Pelagibacterium sp.
0.00	30	0	F	82115	            Rhizobiaceae
0.00	30	0	F1	227290	              Rhizobium/Agrobacterium group
0.00	30	0	G	1903858	                Pseudorhizobium
0.00	30	30	S	1509405	                  Pseudorhizobium pelagicum
0.00	30	0	F	2813035	            Parvibaculaceae
0.00	30	0	G	256616	              Parvibaculum
0.00	30	0	G1	2646844	                unclassified Parvibaculum
0.00	30	30	S	2024848	                  Parvibaculum sp.
0.05	2722	0	O	2800059	          Maricaulales
0.04	2603	0	F	2800061	            Maricaulaceae
0.03	1895	0	G	153232	              Oceanicaulis
0.03	1895	0	G1	2632123	                unclassified Oceanicaulis
0.03	1857	1857	S	314254	                  Oceanicaulis sp. HTCC2633
0.00	38	38	S	2135616	                  Oceanicaulis sp. PT13A
0.01	707	0	G	74317	              Maricaulis
0.01	364	0	G1	2632371	                unclassified Maricaulis
0.01	364	364	S	1486257	                  Maricaulis sp.
0.01	343	343	S	74318	                Maricaulis maris
0.00	118	0	F	2800062	            Robiginitomaculaceae
0.00	118	0	G	574559	              Hellea
0.00	118	0	G1	2715691	                unclassified Hellea
0.00	118	118	S	2715692	                  Hellea sp.
0.01	487	0	C1	82117	          Alphaproteobacteria incertae sedis
0.01	487	0	C2	62654	            SAR116 cluster
0.01	487	0	C3	62655	              environmental samples
0.01	487	487	S	281031	                uncultured SAR116 cluster alpha proteobacterium
0.00	125	0	O	255473	          Parvularculales
0.00	125	0	F	255474	            Parvularculaceae
0.00	125	0	G	208215	              Parvularcula
0.00	125	0	G1	2647080	                unclassified Parvularcula
0.00	125	125	S	1979207	                  Parvularcula sp.
0.00	28	0	O	204458	          Caulobacterales
0.00	28	0	F	76892	            Caulobacteraceae
0.00	28	0	F1	81440	              unclassified Caulobacteraceae
0.00	28	28	S	1951537	                Caulobacteraceae bacterium UBA3198
0.24	14633	0	P1	81684	        unclassified Pseudomonadota
0.16	9649	9649	S	1948131	          Proteobacteria bacterium UBA1148
0.08	4850	4850	S	1977087	          Pseudomonadota bacterium
0.00	86	86	S	1948156	          Proteobacteria bacterium UBA2996
0.00	46	46	S	1948216	          Proteobacteria bacterium UBA7447
0.01	644	0	C	28216	        Betaproteobacteria
0.01	429	0	O	80840	          Burkholderiales
0.00	243	0	F	506	            Alcaligenaceae
0.00	243	0	G	305976	              Pusillimonas
0.00	71	0	G1	2640016	                unclassified Pusillimonas
0.00	48	48	S	2716226	                  Pusillimonas sp. DMV24BSW_D
0.00	22	22	S	1979962	                  Pusillimonas sp. (ex Stolz et al. 2005)
0.00	172	172	S	2026239	                Pusillimonas maritima
0.00	151	0	O1	208545	            environmental samples
0.00	151	151	S	208544	              uncultured Burkholderiales bacterium
0.00	33	0	F	119060	            Burkholderiaceae
0.00	33	0	G	1822464	              Paraburkholderia
0.00	33	33	S	2057004	                Paraburkholderia azotifigens
0.00	215	0	O	32003	          Nitrosomonadales
0.00	190	0	F	206379	            Nitrosomonadaceae
0.00	190	0	F1	51643	              unclassified Nitrosomonadaceae
0.00	190	190	S	2026767	                Nitrosomonadaceae bacterium
0.00	25	0	F	32011	            Methylophilaceae
0.00	25	0	F1	62667	              environmental samples
0.00	25	25	S	239732	                uncultured Methylophilaceae bacterium
0.01	554	0	C	1817794	        Candidatus Lambdaproteobacteria
0.01	554	554	S	2035771	          Candidatus Lambdaproteobacteria bacterium
14.81	894660	0	D1	68525	      delta/epsilon subdivisions
14.81	894660	0	C	28221	        Deltaproteobacteria
14.04	848055	0	C1	45456	          Deltaproteobacteria incertae sedis
14.04	848055	0	C2	131190	            SAR324 cluster
2.26	136225	0	C3	131191	              environmental samples
2.26	136225	136225	S	179114	                uncultured SAR324 cluster bacterium
11.71	707082	707082	S	1795556	              SAR324 cluster bacterium SAR324-CTD7B
0.06	3554	3554	S	1811637	              SAR324 cluster bacterium REDSEA-S27_B3
0.02	1099	1099	S	2024889	              SAR324 cluster bacterium
0.00	51	51	S	1073573	              SAR324 cluster bacterium JCVI-SC AAA005
0.00	40	40	S	1764262	              SAR324 cluster bacterium lautmerah10
0.77	46605	0	C1	122706	          unclassified Deltaproteobacteria
0.77	46605	46605	S	2026735	            Deltaproteobacteria bacterium
13.54	817734	0	D1	1783272	      Terrabacteria group
11.46	692184	0	P	200795	        Chloroflexota
6.75	407520	0	P1	167963	          Chloroflexota incertae sedis
6.75	407520	0	P2	648176	            SAR202 cluster
6.61	398970	398970	S	2030829	              SAR202 cluster bacterium
0.06	3432	3432	S	2587833	              SAR202 cluster bacterium AC-647-N09_OGT_505m
0.06	3755	3755	S	2587832	              SAR202 cluster bacterium AC-647-P02_OGT_505m
0.02	1080	1080	S	2587834	              SAR202 cluster bacterium AC-409-J13_OGT_754m
0.00	219	219	S	2587836	              SAR202 cluster bacterium AD-804-J14_MRT_500m
0.00	36	36	S	1926615	              SAR202 cluster bacterium Io17-Chloro-G6
0.00	24	24	S	1926613	              SAR202 cluster bacterium Io17-Chloro-G4
2.59	156243	0	P1	189774	          unclassified Chloroflexota
2.58	155516	155516	S	2026724	            Chloroflexota bacterium
0.01	727	727	S	1947840	            Chloroflexi bacterium UBA6622
2.08	125540	0	C	301297	          Dehalococcoidia
2.08	125427	0	C1	1318598	            unclassified Dehalococcoidia
1.29	77665	77665	S	2026734	              Dehalococcoidia bacterium
0.16	9884	9884	S	1948466	              Dehalococcoidia bacterium UBA1122
0.30	18215	18215	S	1948511	              Dehalococcoidia bacterium UBA6495
0.17	10538	10538	S	1948532	              Dehalococcoidia bacterium UBA7891
0.07	4339	4339	S	1948467	              Dehalococcoidia bacterium UBA1123
0.04	2212	2212	S	1948480	              Dehalococcoidia bacterium UBA2158
0.02	1313	1313	S	1948469	              Dehalococcoidia bacterium UBA1141
0.01	729	729	S	1948470	              Dehalococcoidia bacterium UBA1151
0.00	194	194	S	1948471	              Dehalococcoidia bacterium UBA1152
0.00	122	122	S	1948468	              Dehalococcoidia bacterium UBA1127
0.00	94	94	S	1948533	              Dehalococcoidia bacterium UBA7894
0.00	85	85	S	1948476	              Dehalococcoidia bacterium UBA1332
0.00	31	31	S	1948481	              Dehalococcoidia bacterium UBA2160
0.00	113	0	O	1202465	            Dehalococcoidales
0.00	98	0	O1	2006127	              environmental samples
0.00	98	98	S	2006128	                uncultured Dehalococcoidales bacterium
0.00	15	0	O1	2026732	              unclassified Dehalococcoidales
0.00	15	15	S	2026733	                Dehalococcoidales bacterium
0.05	2880	0	C	292625	          Anaerolineae
0.05	2880	0	O	292629	            Anaerolineales
0.03	1536	0	O1	1674871	              unclassified Anaerolineales
0.01	335	335	S	1950187	                Anaerolineales bacterium UBA1136
0.01	421	421	S	1950226	                Anaerolineales bacterium UBA832
0.01	618	618	S	1950202	                Anaerolineales bacterium UBA3001
0.00	160	160	S	1950205	                Anaerolineales bacterium UBA3499
0.02	1344	0	F	292628	              Anaerolineaceae
0.02	1344	0	F1	1324991	                unclassified Anaerolineaceae
0.02	1344	1344	S	2024896	                  Anaerolineaceae bacterium
1.98	119413	0	P	201174	        Actinomycetota
1.80	108837	0	C	84992	          Acidimicrobiia
1.77	106982	0	O	84993	            Acidimicrobiales
1.04	62672	0	F	1798913	              Microthrixaceae
1.04	62672	0	G	41949	                Candidatus Microthrix
1.04	62672	0	G1	2642024	                  unclassified Candidatus Microthrix
0.69	41408	41408	S	1946164	                    Candidatus Microthrix sp. UBA2110
0.34	20826	20826	S	1946188	                    Candidatus Microthrix sp. UBA4542
0.00	214	214	S	1946176	                    Candidatus Microthrix sp. UBA3125
0.00	114	114	S	1946197	                    Candidatus Microthrix sp. UBA672
0.00	22	22	S	1946174	                    Candidatus Microthrix sp. UBA2974
0.00	50	50	S	1946167	                    Candidatus Microthrix sp. UBA2131
0.00	16	16	S	1946207	                    Candidatus Microthrix sp. UBA7388
0.00	19	19	S	1946199	                    Candidatus Microthrix sp. UBA6944
0.58	34856	0	F	84994	              Acidimicrobiaceae
0.58	34856	0	F1	667305	                unclassified Acidimicrobiaceae
0.58	34856	34856	S	2024894	                  Acidimicrobiaceae bacterium
0.14	8331	0	O1	1042324	              unclassified Acidimicrobiales
0.14	8257	8257	S	2201156	                Acidimicrobiales bacterium
0.00	74	74	S	2162616	                Acidimicrobiales bacterium AG-414-N20
0.02	1121	0	F	2448023	              Ilumatobacteraceae
0.02	1121	0	F1	2497618	                unclassified Ilumatobacteraceae
0.02	1121	1121	S	2497619	                  Ilumatobacteraceae bacterium
0.03	1854	0	C1	121036	            unclassified Acidimicrobiia
0.03	1854	1854	S	2080302	              Acidimicrobiia bacterium
0.18	10576	0	C	1760	          Actinomycetes
0.12	7358	0	O	85006	            Micrococcales
0.12	6945	0	F	85023	              Microbacteriaceae
0.06	3898	0	F1	90316	                unclassified Microbacteriaceae
0.06	3898	3898	S	1952239	                  Microbacteriaceae bacterium UBA1487
0.05	2965	0	G	33882	                Microbacterium
0.05	2765	0	G1	2609290	                  unclassified Microbacterium
0.04	2628	2628	S	1946941	                    Microbacterium sp. UBA1097
0.00	105	105	S	51671	                    Microbacterium sp.
0.00	31	31	S	1895782	                    Microbacterium sp. 67-17
0.00	199	199	S	2782167	                  Microbacterium luteum
0.00	50	0	G	1331730	                Chryseoglobus
0.00	50	50	S	2750620	                  Chryseoglobus indicus
0.00	31	0	G	2831684	                Marinisubtilis
0.00	31	31	S	2591847	                  Marinisubtilis pacificus
0.00	200	0	F	1268	              Micrococcaceae
0.00	124	0	G	57493	                Kocuria
0.00	83	83	S	71999	                  Kocuria palustris
0.00	40	40	S	136273	                  Kocuria polaris
0.00	53	0	G	1269	                Micrococcus
0.00	53	53	S	455343	                  Micrococcus endophyticus
0.00	21	0	G	1868332	                Neomicrococcus
0.00	21	21	S	732241	                  Neomicrococcus lactis
0.00	129	0	F	2805590	              Ornithinimicrobiaceae
0.00	95	0	G	125287	                Ornithinimicrobium
0.00	95	0	G1	2615080	                  unclassified Ornithinimicrobium
0.00	95	95	S	1904966	                    Ornithinimicrobium sp. CNJ-824
0.00	33	0	G	265976	                Serinicoccus
0.00	33	33	S	767452	                  Serinicoccus chungangensis
0.00	45	0	F	85020	              Dermabacteraceae
0.00	45	0	G	43668	                Brachybacterium
0.00	45	45	S	173362	                  Brachybacterium paraconglomeratum
0.00	36	0	F	85019	              Brevibacteriaceae
0.00	36	0	G	1696	                Brevibacterium
0.00	36	36	S	33889	                  Brevibacterium casei
0.03	1973	0	O	85009	            Propionibacteriales
0.03	1561	0	F	31957	              Propionibacteriaceae
0.03	1561	0	G	1912216	                Cutibacterium
0.03	1526	1526	S	1747	                  Cutibacterium acnes
0.00	35	35	S	33011	                  Cutibacterium granulosum
0.01	411	0	F	85015	              Nocardioidaceae
0.01	309	0	G	1839	                Nocardioides
0.00	271	0	G1	2615069	                  unclassified Nocardioides
0.00	271	271	S	35761	                    Nocardioides sp.
0.00	37	37	S	374513	                  Nocardioides salarius
0.00	102	0	G	2044	                Pimelobacter
0.00	102	0	G1	2646405	                  unclassified Pimelobacter
0.00	102	102	S	51662	                    Pimelobacter sp.
0.01	530	0	O	85007	            Mycobacteriales
0.01	425	0	F	1762	              Mycobacteriaceae
0.01	357	0	G	1866885	                Mycolicibacterium
0.01	357	357	S	39694	                  Mycolicibacterium poriferae
0.00	68	0	G	1763	                Mycobacterium
0.00	68	0	G1	2642494	                  unclassified Mycobacterium
0.00	68	68	S	1882219	                    Mycobacterium sp. PO1
0.00	105	0	F	1653	              Corynebacteriaceae
0.00	105	0	G	1716	                Corynebacterium
0.00	81	81	S	38304	                  Corynebacterium tuberculostearicum
0.00	23	23	S	2041036	                  Corynebacterium gottingense
0.01	397	0	C1	1389441	            Candidatus Actinomarinidae
0.01	397	0	O	1389450	              Candidatus Actinomarinales
0.01	397	0	O1	1389451	                Candidatus Actinomarineae
0.01	397	0	F	1389452	                  Candidatus Actinomarinaceae
0.01	397	0	G	1389453	                    Candidatus Actinomarina
0.01	397	0	G1	1985112	                      environmental samples
0.01	397	397	S	1985113	                        uncultured Candidatus Actinomarina sp.
0.01	316	0	C1	52018	            unclassified Actinomycetes
0.00	215	215	S	1883427	              Actinomycetia bacterium
0.00	100	0	C2	62676	              marine Actinobacteria clade
0.00	100	100	S	2162605	                OCS155 cluster bacterium AG-333-G23
0.05	3216	0	D2	1798711	        Cyanobacteriota/Melainabacteria group
0.05	3197	0	P	1117	          Cyanobacteriota
0.05	3197	0	C	3028117	            Cyanophyceae
0.05	3172	0	O	1890424	              Synechococcales
0.05	3172	0	F	2881426	                Prochlorococcaceae
0.05	3172	0	G	1218	                  Prochlorococcus
0.04	2465	0	G1	98167	                    environmental samples
0.04	2465	2465	S	159733	                      uncultured Prochlorococcus sp.
0.01	706	706	S	1219	                    Prochlorococcus marinus
0.00	25	0	O	1161	              Nostocales
0.00	25	0	F	1892264	                Fortieaceae
0.00	25	0	G	212347	                  Aulosira
0.00	25	0	G1	2629821	                    unclassified Aulosira
0.00	25	25	S	2692777	                      Aulosira sp. FACHB-615
0.00	18	0	P	1817808	          Candidatus Margulisbacteria
0.00	18	0	P1	2211321	            unclassified Candidatus Margulisbacteria
0.00	18	18	S	2053573	              Candidatus Margulisbacteria bacterium
0.05	2788	0	P	1239	        Bacillota
0.04	2712	0	C	91061	          Bacilli
0.04	2246	0	O	1385	            Bacillales
0.04	2152	0	F	90964	              Staphylococcaceae
0.02	1318	0	G	1279	                Staphylococcus
0.01	514	514	S	33028	                  Staphylococcus saccharolyticus
0.00	277	277	S	1282	                  Staphylococcus epidermidis
0.00	95	95	S	29388	                  Staphylococcus capitis
0.00	87	87	S	1290	                  Staphylococcus hominis
0.00	82	82	S	1292	                  Staphylococcus warneri
0.00	62	62	S	29385	                  Staphylococcus saprophyticus
0.00	42	42	S	29378	                  Staphylococcus arlettae
0.00	65	65	S	29382	                  Staphylococcus cohnii
0.00	65	65	S	1283	                  Staphylococcus haemolyticus
0.00	25	25	S	246432	                  Staphylococcus equorum
0.01	749	0	G	45669	                Salinicoccus
0.01	706	706	S	45670	                  Salinicoccus roseus
0.00	42	42	S	367840	                  Salinicoccus luteus
0.00	57	0	G	1955413	                Abyssicoccus
0.00	57	57	S	1817405	                  Abyssicoccus albus
0.00	26	0	G	227979	                Jeotgalicoccus
0.00	26	26	S	709510	                  Jeotgalicoccus aerolatus
0.00	93	0	F	186818	              Planococcaceae
0.00	93	0	G	162291	                Planomicrobium
0.00	93	93	S	244	                  Planomicrobium okeanokoites
0.01	465	0	O	186826	            Lactobacillales
0.01	438	0	F	186827	              Aerococcaceae
0.01	438	0	G	1375	                Aerococcus
0.00	297	297	S	1377	                  Aerococcus viridans
0.00	141	141	S	51665	                  Aerococcus urinaeequi
0.00	26	0	F	33958	              Lactobacillaceae
0.00	26	0	G	46255	                Weissella
0.00	26	26	S	137591	                  Weissella cibaria
0.00	76	0	C	186801	          Clostridia
0.00	76	0	O	186802	            Eubacteriales
0.00	76	0	F	216572	              Oscillospiraceae
0.00	76	0	F1	473772	                unclassified Oscillospiraceae
0.00	76	76	S	2485925	                  Oscillospiraceae bacterium
0.00	75	0	P	1297	        Deinococcota
0.00	75	0	C	188787	          Deinococci
0.00	75	0	O	2762275	            Trueperales
0.00	75	0	F	332247	              Trueperaceae
0.00	75	0	F1	2026797	                unclassified Trueperaceae
0.00	75	75	S	2026798	                  Trueperaceae bacterium
0.00	56	0	P	544448	        Mycoplasmatota
0.00	56	0	C	31969	          Mollicutes
0.00	56	0	O	2085	            Mycoplasmatales
0.00	35	0	O1	1665628	              unclassified Mycoplasmatales
0.00	35	35	S	2023991	                Mycoplasmatales bacterium
0.00	20	0	F	2092	              Mycoplasmataceae
0.00	20	0	F1	363695	                unclassified Mycoplasmataceae
0.00	20	20	S	2685873	                  Mycoplasmataceae bacterium
12.58	759789	0	D1	1783270	      FCB group
8.25	498096	0	P	62680	        Candidatus Marinimicrobia
6.98	421320	421320	S	2026760	          Candidatus Marinimicrobia bacterium
0.81	48840	48840	S	1953216	          Candidatus Marinimicrobia bacterium UBA1611
0.39	23631	23631	S	1953256	          Candidatus Marinimicrobia bacterium UBA7303
0.04	2517	2517	S	1953217	          Candidatus Marinimicrobia bacterium UBA2125
0.01	539	539	S	939844	          Marinimicrobia bacterium SCGC AAA003-L08
0.00	176	0	P1	925408	          environmental samples
0.00	176	176	S	195045	            uncultured Candidatus Marinimicrobia bacterium
0.00	169	169	S	1953255	          Candidatus Marinimicrobia bacterium UBA7301
0.00	161	161	S	1781246	          Marinimicrobia bacterium TCS55
0.00	160	160	S	1953213	          Candidatus Marinimicrobia bacterium UBA1134
0.00	191	191	S	1953244	          Candidatus Marinimicrobia bacterium UBA6531
0.00	118	118	S	1953249	          Candidatus Marinimicrobia bacterium UBA6931
0.00	87	87	S	1953257	          Candidatus Marinimicrobia bacterium UBA7308
0.00	53	53	S	1953254	          Candidatus Marinimicrobia bacterium UBA7300
0.00	35	35	S	1953231	          Candidatus Marinimicrobia bacterium UBA2986
0.00	36	36	S	1958814	          Candidatus Marinimicrobia bacterium 408169
0.00	29	29	S	1953230	          Candidatus Marinimicrobia bacterium UBA2980
0.00	27	27	S	1811603	          Candidatus Marinimicrobia bacterium REDSEA-S14_B6
3.01	181562	0	P	142182	        Gemmatimonadota
1.67	100890	0	P1	234665	          unclassified Gemmatimonadota
1.67	100890	100890	S	2026742	            Gemmatimonadota bacterium
1.34	80672	0	C	219685	          Gemmatimonadetes
1.34	80672	0	O	219686	            Gemmatimonadales
1.33	80573	0	O1	1951096	              unclassified Gemmatimonadales
0.88	53102	53102	S	1951099	                Gemmatimonadales bacterium UBA1120
0.43	25768	25768	S	1951131	                Gemmatimonadales bacterium UBA7889
0.02	915	915	S	1951110	                Gemmatimonadales bacterium UBA2988
0.01	345	345	S	1951102	                Gemmatimonadales bacterium UBA1142
0.01	317	317	S	1951111	                Gemmatimonadales bacterium UBA2989
0.00	124	124	S	1951109	                Gemmatimonadales bacterium UBA2982
0.00	99	0	F	219687	              Gemmatimonadaceae
0.00	99	0	F1	1387399	                unclassified Gemmatimonadaceae
0.00	99	99	S	2026741	                  Gemmatimonadaceae bacterium
1.29	77917	0	D2	68336	        Bacteroidota/Chlorobiota group
1.19	71867	0	P	976	          Bacteroidota
1.11	66806	0	C	117743	            Flavobacteriia
1.11	66806	0	O	200644	              Flavobacteriales
1.02	61406	0	F	49546	                Flavobacteriaceae
0.36	21558	0	F1	61432	                  unclassified Flavobacteriaceae
0.34	20833	20833	S	1871037	                    Flavobacteriaceae bacterium
0.01	517	517	S	1951834	                    Flavobacteriaceae bacterium UBA3611
0.00	206	206	S	1951828	                    Flavobacteriaceae bacterium UBA3356
0.13	8129	0	G	417127	                  Zunongwangia
0.13	8102	8102	S	398743	                    Zunongwangia profunda
0.00	27	27	S	1502297	                    Zunongwangia atlantica
0.11	6491	0	G	232115	                  Mesonia
0.08	4865	4865	S	2687242	                    Mesonia oceanica
0.02	1325	1325	S	369791	                    Mesonia mobilis
0.00	150	150	S	213248	                    Mesonia algae
0.00	107	0	G1	2626817	                    unclassified Mesonia
0.00	107	107	S	1960830	                      Mesonia sp.
0.00	43	43	S	1504967	                    Mesonia aquimarina
0.08	4782	0	G	111500	                  Muricauda
0.04	2206	0	G1	2615049	                    unclassified Muricauda
0.02	1300	1300	S	1250232	                      Muricauda sp. MAR_2010_75
0.01	829	829	S	192149	                      Muricauda sp.
0.00	76	76	S	1986608	                      Muricauda sp. TMED12
0.02	1434	1434	S	516051	                    Muricauda lutaonensis
0.01	850	850	S	111501	                    Muricauda ruestringensis
0.00	181	181	S	2499163	                    Muricauda oceanensis
0.00	66	66	S	2597517	                    Muricauda hadalis
0.00	23	23	S	2162892	                    Muricauda brasiliensis
0.00	19	19	S	475082	                    Muricauda lutimaris
0.07	4334	0	G	143222	                  Salegentibacter
0.07	4021	4021	S	270918	                    Salegentibacter mishustinae
0.00	143	0	G1	2633436	                    unclassified Salegentibacter
0.00	70	70	S	1486285	                      Salegentibacter sp. R32
0.00	73	73	S	1250278	                      Salegentibacter sp. Hel_I_6
0.00	112	112	S	345907	                    Salegentibacter agarivorans
0.00	56	56	S	435906	                    Salegentibacter salarius
0.06	3614	0	G	283735	                  Leeuwenhoekiella
0.04	2190	2190	S	360293	                    Leeuwenhoekiella blandensis
0.01	749	749	S	573501	                    Leeuwenhoekiella palythoae
0.00	170	0	G1	2615029	                    unclassified Leeuwenhoekiella
0.00	170	170	S	1977054	                      Leeuwenhoekiella sp.
0.01	350	350	S	1550906	                    Leeuwenhoekiella polynyae
0.00	81	81	S	283736	                    Leeuwenhoekiella aequorea
0.00	37	37	S	1655491	                    Leeuwenhoekiella nanhaiensis
0.00	34	34	S	988	                    Leeuwenhoekiella marinoflava
0.06	3561	0	G	252356	                  Maribacter
0.05	3188	3188	S	320912	                    Maribacter dokdonensis
0.00	299	299	S	2059726	                    Maribacter litoralis
0.00	42	0	G1	2615042	                    unclassified Maribacter
0.00	21	21	S	1897614	                      Maribacter sp.
0.00	21	21	S	1889777	                      Maribacter sp. 4G9
0.00	31	31	S	1178778	                    Maribacter cobaltidurans
0.05	2739	0	G	453850	                  Joostella
0.05	2739	2739	S	453852	                    Joostella marina
0.04	2178	0	G	292691	                  Christiangramia
0.03	1563	0	G1	2615027	                    unclassified Christiangramia
0.03	1563	1563	S	1249978	                      Gramella sp. Hel_I_59
0.01	346	346	S	326069	                    Christiangramia portivictoriae
0.00	93	93	S	1486245	                    Christiangramia flava
0.00	74	74	S	2541727	                    Christiangramia bathymodioli
0.00	47	47	S	411153	                    Christiangramia forsetii
0.00	21	21	S	2126553	                    Christiangramia fulva
0.00	31	31	S	279359	                    Christiangramia echinicola
0.03	1992	0	G	336276	                  Olleya
0.03	1698	0	G1	2615019	                    unclassified Olleya
0.03	1698	1698	S	1250001	                      Olleya sp. Hel_I_94
0.00	293	293	S	272164	                    Olleya marilimosa
0.02	1092	0	G	216431	                  Croceibacter
0.02	1092	1092	S	313588	                    Croceibacter atlanticus
0.00	259	0	G	153265	                  Aequorivita
0.00	259	0	G1	2615031	                    unclassified Aequorivita
0.00	227	227	S	1872390	                      Aequorivita sp.
0.00	31	31	S	1947773	                      Aequorivita sp. UBA3180
0.00	200	0	G	178469	                  Arenibacter
0.00	200	200	S	616991	                    Arenibacter algicola
0.00	107	0	G	237444	                  Ulvibacter
0.00	107	107	S	2267620	                    Candidatus Ulvibacter alkanivorans
0.00	104	0	G	363408	                  Nonlabens
0.00	104	104	S	906888	                    Nonlabens ulvanivorans
0.00	89	0	G	286104	                  Winogradskyella
0.00	58	58	S	262006	                    Winogradskyella eximia
0.00	31	0	G1	2615021	                    unclassified Winogradskyella
0.00	31	31	S	1883156	                      Winogradskyella sp.
0.00	88	0	F1	117745	                  environmental samples
0.00	88	88	S	165436	                    uncultured Flavobacteriaceae bacterium
0.00	33	0	G	1287916	                  Euzebyella
0.00	33	33	S	1761453	                    Euzebyella marina
0.00	21	0	G	290174	                  Aquimarina
0.00	21	0	G1	2627091	                    unclassified Aquimarina
0.00	21	21	S	1872586	                      Aquimarina sp.
0.00	13	0	G	244698	                  Gillisia
0.00	13	0	G1	2615025	                    unclassified Gillisia
0.00	13	13	S	985255	                      Gillisia sp. CAL575
0.00	12	0	G	561367	                  Salinimicrobium
0.00	12	12	S	680283	                    Salinimicrobium marinum
0.08	5049	0	O1	403978	                unclassified Flavobacteriales
0.07	4007	4007	S	2021391	                  Flavobacteriales bacterium
0.01	781	781	S	1951087	                  Flavobacteriales bacterium UBA7878
0.00	189	189	S	1951031	                  Flavobacteriales bacterium UBA5081
0.00	53	53	S	1950946	                  Flavobacteriales bacterium UBA1112
0.00	16	16	S	1951056	                  Flavobacteriales bacterium UBA6770
0.00	157	0	F	1333713	                Schleiferiaceae
0.00	157	0	G	267986	                  Owenweeksia
0.00	157	0	G1	2644217	                    unclassified Owenweeksia
0.00	157	157	S	2024847	                      Owenweeksia sp.
0.00	76	0	F	2762318	                Weeksellaceae
0.00	76	0	G	59734	                  Empedobacter
0.00	76	76	S	247	                    Empedobacter brevis
0.00	53	0	F	1853230	                Crocinitomicaceae
0.00	53	0	F1	1986672	                  unclassified Crocinitomicaceae
0.00	53	53	S	2026728	                    Crocinitomicaceae bacterium
0.00	32	0	O1	213321	                environmental samples
0.00	32	32	S	213322	                  uncultured Flavobacteriales bacterium
0.00	29	0	F	246874	                Cryomorphaceae
0.00	29	0	F1	253244	                  unclassified Cryomorphaceae
0.00	29	29	S	1898111	                    Cryomorphaceae bacterium
0.05	2935	0	C	768503	            Cytophagia
0.05	2935	0	O	768507	              Cytophagales
0.03	1615	0	F	89373	                Cytophagaceae
0.03	1615	0	F1	94253	                  unclassified Cytophagaceae
0.03	1615	1615	S	2026729	                    Cytophagaceae bacterium
0.01	747	0	F	2762306	                Roseivirgaceae
0.01	747	0	G	290180	                  Roseivirga
0.01	747	747	S	1758176	                    Roseivirga thermotolerans
0.01	515	0	F	200667	                Flammeovirgaceae
0.01	515	0	F1	340671	                  unclassified Flammeovirgaceae
0.01	515	515	S	1951792	                    Flammeovirgaceae bacterium UBA7330
0.00	55	0	F	2762302	                Reichenbachiellaceae
0.00	55	0	G	643701	                  Marinoscillum
0.00	55	0	G1	932003	                    environmental samples
0.00	55	55	S	932004	                      uncultured Marinoscillum sp.
0.02	1207	0	P1	37452	            unclassified Bacteroidota
0.02	1207	1207	S	1898104	              Bacteroidota bacterium
0.01	632	0	P1	50742	            environmental samples
0.01	632	632	S	152509	              uncultured Bacteroidetes bacterium
0.00	138	0	C	117747	            Sphingobacteriia
0.00	138	0	O	200666	              Sphingobacteriales
0.00	138	0	F	84566	                Sphingobacteriaceae
0.00	138	0	G	28453	                  Sphingobacterium
0.00	95	95	S	28454	                    Sphingobacterium multivorum
0.00	43	43	S	459529	                    Sphingobacterium siyangense
0.00	133	0	C	200643	            Bacteroidia
0.00	133	0	O	171549	              Bacteroidales
0.00	133	0	O1	185291	                unclassified Bacteroidales
0.00	133	133	S	2030927	                  Bacteroidales bacterium
0.00	14	0	C	1853228	            Chitinophagia
0.00	14	0	O	1853229	              Chitinophagales
0.00	14	0	F	563835	                Chitinophagaceae
0.00	14	0	G	1004301	                  Flavihumibacter
0.00	14	0	G1	1145286	                    environmental samples
0.00	14	14	S	1145287	                      uncultured Flavihumibacter sp.
0.10	5758	0	P	1853220	          Rhodothermota
0.10	5758	0	C	1853222	            Rhodothermia
0.10	5758	0	O	1853224	              Rhodothermales
0.10	5758	0	F	1853227	                Rubricoccaceae
0.10	5743	0	G	1434037	                  Rubrivirga
0.10	5743	0	G1	2640460	                    unclassified Rubrivirga
0.10	5743	5743	S	1961794	                      Rubrivirga sp. SAORIC476
0.00	14	0	G	907202	                  Rubricoccus
0.00	14	14	S	716817	                    Rubricoccus marinus
0.00	292	0	P	1936987	          Balneolota
0.00	292	0	C	1853221	            Balneolia
0.00	292	0	O	1853223	              Balneolales
0.00	292	0	F	1813606	                Balneolaceae
0.00	271	0	F1	1951481	                  unclassified Balneolaceae
0.00	232	232	S	1951519	                    Balneolaceae bacterium UBA7797
0.00	38	38	S	1951498	                    Balneolaceae bacterium UBA3186
0.00	20	0	G	455358	                  Balneola
0.00	20	0	G1	2615059	                    unclassified Balneola
0.00	20	20	S	2024824	                      Balneola sp.
0.04	2198	0	P	74015	        Candidatus Latescibacteria
0.04	2198	0	P1	910046	          unclassified Candidatus Latescibacteria
0.03	1870	1870	S	2053570	            Candidatus Latescibacteria bacterium
0.01	327	327	S	1948115	            Latescibacteria bacterium UBA6620
0.00	14	0	P	142187	        Candidatus Hydrogenedentes
0.00	14	0	P1	1046981	          unclassified Candidatus Hydrogenedentes
0.00	14	14	S	2030809	            Candidatus Hydrogenedentes bacterium
3.22	194423	0	D1	1783257	      PVC group
1.89	114319	0	P	203682	        Planctomycetota
1.32	79927	0	P1	473814	          unclassified Planctomycetota
1.09	65822	65822	S	2026780	            Planctomycetota bacterium
0.22	13167	13167	S	1948126	            Planctomycetes bacterium UBA1662
0.02	936	936	S	1948124	            Planctomycetes bacterium UBA1135
0.51	30843	0	C	203683	          Planctomycetia
0.51	30547	0	O	112	            Planctomycetales
0.51	30547	0	F	126	              Planctomycetaceae
0.50	30338	0	F1	69476	                unclassified Planctomycetaceae
0.50	30338	30338	S	2026779	                  Planctomycetaceae bacterium
0.00	165	0	G	1649490	                Rubinisphaera
0.00	165	165	S	119	                  Rubinisphaera brasiliensis
0.00	43	0	G	1936111	                Fuerstiella
0.00	43	0	G1	2677239	                  unclassified Fuerstiella
0.00	43	43	S	1936112	                    Fuerstiella sp.
0.00	295	0	O	2691354	            Pirellulales
0.00	248	0	F	2691357	              Pirellulaceae
0.00	167	0	G	265488	                Rhodopirellula
0.00	167	0	G1	2624920	                  unclassified Rhodopirellula
0.00	167	167	S	2024855	                    Rhodopirellula sp.
0.00	68	0	G	2005380	                Mariniblastus
0.00	68	0	G1	2644969	                  unclassified Mariniblastus
0.00	68	68	S	2005381	                    Mariniblastus sp.
0.00	12	0	F1	2699753	                unclassified Pirellulaceae
0.00	12	12	S	2699754	                  Pirellulaceae bacterium
0.00	46	0	O1	2715252	              unclassified Pirellulales
0.00	46	46	S	2715253	                Pirellulales bacterium
0.06	3548	0	C	666505	          Phycisphaerae
0.04	2432	0	C1	1546154	            unclassified Phycisphaerae
0.04	2432	2432	S	2026778	              Phycisphaerae bacterium
0.02	1115	0	O	666506	            Phycisphaerales
0.01	750	0	O1	1500946	              unclassified Phycisphaerales
0.00	251	251	S	2052180	                Phycisphaerales bacterium
0.00	209	209	S	1951198	                Phycisphaerales bacterium UBA3190
0.00	193	193	S	1951186	                Phycisphaerales bacterium UBA1910
0.00	95	95	S	1951207	                Phycisphaerales bacterium UBA7812
0.01	365	0	F	666507	              Phycisphaeraceae
0.01	365	0	F1	1385974	                unclassified Phycisphaeraceae
0.01	365	365	S	2026777	                  Phycisphaeraceae bacterium
1.33	80046	0	P	74201	        Verrucomicrobiota
0.86	51761	0	P1	417295	          unclassified Verrucomicrobiota
0.79	47563	47563	S	2026799	            Verrucomicrobiota bacterium
0.06	3610	3610	S	1948281	            Verrucomicrobia bacterium UBA673
0.00	296	296	S	2067063	            Verrucomicrobia bacterium Opi.OSU.00C
0.00	290	290	S	1948282	            Verrucomicrobia bacterium UBA6775
0.43	26142	0	C	203494	          Verrucomicrobiae
0.43	26050	0	O	48461	            Verrucomicrobiales
0.36	22005	0	O1	388747	              unclassified Verrucomicrobiales
0.36	22005	22005	S	2026801	                Verrucomicrobiales bacterium
0.06	3365	0	F	203557	              Verrucomicrobiaceae
0.06	3342	0	G	518755	                Roseibacillus
0.06	3342	0	G1	2625383	                  unclassified Roseibacillus
0.06	3342	3342	S	2024856	                    Roseibacillus sp.
0.00	23	0	F1	490346	                unclassified Verrucomicrobiaceae
0.00	23	23	S	2026800	                  Verrucomicrobiaceae bacterium
0.01	646	0	F	1647988	              Akkermansiaceae
0.01	646	0	F1	1951308	                unclassified Akkermansiaceae
0.01	611	611	S	1951374	                  Akkermansiaceae bacterium UBA7890
0.00	35	35	S	1951351	                  Akkermansiaceae bacterium UBA1506
0.00	32	0	F	134621	              Verrucomicrobia subdivision 3
0.00	32	0	F1	1952929	                unclassified Verrucomicrobia subdivision 3
0.00	32	32	S	2052186	                  Verrucomicrobia subdivision 3 bacterium
0.00	92	0	C1	481447	            unclassified Verrucomicrobiae
0.00	92	92	S	2499141	              Verrucomicrobiae bacterium
0.03	1907	0	C	414999	          Opitutae
0.02	1483	0	C1	503183	            unclassified Opitutae
0.01	562	562	S	1948703	              Opitutae bacterium UBA1116
0.01	787	787	S	2026771	              Opitutae bacterium
0.00	133	133	S	1948718	              Opitutae bacterium UBA3151
0.01	342	0	O	415001	            Puniceicoccales
0.01	342	0	F	415002	              Puniceicoccaceae
0.00	278	0	G	2480624	                Candidatus Moanabacter
0.00	278	278	S	2200854	                  Candidatus Moanabacter tarae
0.00	63	0	F1	1986243	                unclassified Puniceicoccaceae
0.00	63	63	S	2026784	                  Puniceicoccaceae bacterium
0.00	82	0	O	415000	            Opitutales
0.00	33	0	O1	1951176	              unclassified Opitutales
0.00	33	33	S	1951177	                Opitutales bacterium UBA2995
0.00	31	0	O1	592833	              environmental samples
0.00	31	31	S	592834	                uncultured Opitutales bacterium
0.00	17	0	F	134623	              Opitutaceae
0.00	17	0	F1	278955	                unclassified Opitutaceae
0.00	17	17	S	2006848	                  Opitutaceae bacterium
0.00	234	0	P1	74202	          environmental samples
0.00	234	234	S	156588	            uncultured Verrucomicrobiota bacterium
0.00	58	0	P	256845	        Lentisphaerota
0.00	58	0	C	1313211	          Lentisphaeria
0.00	58	0	O	278081	            Lentisphaerales
0.00	58	0	F	566277	              Lentisphaeraceae
0.00	58	0	G	256846	                Lentisphaera
0.00	58	58	S	256847	                  Lentisphaera araneosa
1.83	110668	0	P	57723	      Acidobacteriota
1.83	110390	0	P1	305072	        unclassified Acidobacteriota
1.78	107739	107739	S	1978231	          Acidobacteriota bacterium
0.02	1190	1190	S	1953107	          Acidobacteria bacterium UBA2999
0.01	847	847	S	1953105	          Acidobacteria bacterium UBA2990
0.01	397	397	S	1953113	          Acidobacteria bacterium UBA823
0.00	216	216	S	1953106	          Acidobacteria bacterium UBA2994
0.00	277	0	C	204432	        Terriglobia
0.00	277	0	C1	2169411	          unclassified Terriglobia
0.00	277	277	S	1948748	            Acidobacteriia bacterium UBA6623
1.24	74653	0	D1	2323	      Bacteria incertae sedis
1.24	74653	0	D2	1783234	        Bacteria candidate phyla
1.17	70835	0	P	265317	          Candidatus Poribacteria
1.17	70835	0	P1	2894089	            unclassified Candidatus Poribacteria
1.17	70835	70835	S	2026781	              Candidatus Poribacteria bacterium
0.06	3540	0	D3	1783273	          Patescibacteria group
0.06	3507	0	D4	1794811	            Parcubacteria group
0.05	3248	0	P	1752732	              Candidatus Uhrbacteria
0.05	3248	3248	S	2053634	                Candidatus Uhrbacteria bacterium
0.00	259	0	D5	1794840	              unclassified Parcubacteria group
0.00	259	259	S	2026774	                Parcubacteria group bacterium
0.00	21	0	D4	1948766	            unclassified Patescibacteria group
0.00	21	21	S	1948812	              Patescibacteria group bacterium UBA3527
0.00	12	0	D4	1794810	            Microgenomates group
0.00	12	0	P	1752722	              Candidatus Woesebacteria
0.00	12	12	S	2026804	                Candidatus Woesebacteria bacterium
0.00	261	0	P	1752716	          Candidatus Dadabacteria
0.00	261	261	S	1953208	            Candidatus Dadabacteria bacterium UBA1144
0.00	16	0	P	95818	          Candidatus Saccharibacteria
0.00	16	0	P1	1895827	            unclassified Candidatus Saccharibacteria
0.00	16	16	S	2026720	              Candidatus Saccharibacteria bacterium
0.78	46843	0	D1	1802340	      Nitrospinae/Tectomicrobia group
0.78	46843	0	P	1293497	        Nitrospinota
0.77	46800	0	C	1293498	          Nitrospinia
0.77	46800	0	O	1293499	            Nitrospinales
0.77	46800	0	F	407032	              Nitrospinaceae
0.49	29843	0	G	2814657	                Candidatus Nitromaritima
0.49	29843	29843	S	913337	                  Candidatus Nitromaritima sp. SCGC AAA288-L16
0.27	16481	0	G	35800	                Nitrospina
0.27	16481	0	G1	2638683	                  unclassified Nitrospina
0.27	16434	16434	S	2024844	                    Nitrospina sp.
0.00	47	47	S	1671875	                    Nitrospina sp. LS_NOB
0.00	273	0	F1	1953041	                unclassified Nitrospinaceae
0.00	261	261	S	2358456	                  Nitrospinaceae bacterium
0.00	12	12	S	1953054	                  Nitrospinaceae bacterium UBA7883
0.00	201	0	F1	407033	                environmental samples
0.00	201	201	S	407034	                  uncultured Nitrospinaceae bacterium
0.00	43	0	P1	1449243	          unclassified Nitrospinota
0.00	43	43	S	2026769	            Nitrospinota bacterium
0.07	4372	0	P	3018035	      Bdellovibrionota
0.07	3931	0	C	3031418	        Bdellovibrionia
0.07	3931	0	O	213481	          Bdellovibrionales
0.07	3931	0	F	213483	            Pseudobdellovibrionaceae
0.06	3895	0	G	213485	              Micavibrio
0.06	3895	0	G1	2648014	                unclassified Micavibrio
0.05	3077	3077	S	2024841	                  Micavibrio sp.
0.01	403	403	S	1986633	                  Micavibrio sp. TMED2
0.00	187	187	S	1946913	                  Micavibrio sp. UBA2137
0.00	189	189	S	1946917	                  Micavibrio sp. UBA2638
0.00	36	36	S	1986607	                  Micavibrio sp. TMED27
0.00	36	0	F1	1961502	              unclassified Pseudobdellovibrionaceae
0.00	36	36	S	2026715	                Pseudobdellovibrionaceae bacterium
0.01	425	0	C	3031419	        Bacteriovoracia
0.01	425	0	O	2024979	          Bacteriovoracales
0.01	321	0	F	1652132	            Halobacteriovoraceae
0.01	321	0	F1	2026744	              unclassified Halobacteriovoraceae
0.01	321	321	S	2026745	                Halobacteriovoraceae bacterium
0.00	103	0	F	263369	            Bacteriovoracaceae
0.00	103	0	F1	1961474	              unclassified Bacteriovoracaceae
0.00	103	103	S	2081706	                Bacteriovoracaceae bacterium
0.00	15	0	C	1553900	        Oligoflexia
0.00	15	0	C1	1915308	          unclassified Oligoflexia
0.00	15	15	S	2599941	            Oligoflexia bacterium
0.05	3005	0	P	2818505	      Myxococcota
0.04	2630	0	C	32015	        Myxococcia
0.04	2630	0	O	29	          Myxococcales
0.04	2630	0	O1	213495	            unclassified Myxococcales
0.03	1863	1863	S	2026763	              Myxococcales bacterium
0.01	767	767	S	1961462	              Myxococcales bacterium UBA1660
0.01	374	0	P1	3031711	        Polyangia
0.01	374	0	O	3031712	          Polyangiales
0.01	374	0	F	1055686	            Sandaracinaceae
0.01	374	0	G	1055688	              Sandaracinus
0.01	374	0	G1	2624421	                unclassified Sandaracinus
0.01	374	374	S	2024858	                  Sandaracinus sp.
0.02	1492	0	P	40117	      Nitrospirota
0.02	1492	0	C	203693	        Nitrospiria
0.02	1492	0	O	189778	          Nitrospirales
0.01	883	0	F	189779	            Nitrospiraceae
0.01	883	0	F1	688163	              unclassified Nitrospiraceae
0.01	835	835	S	1952976	                Nitrospiraceae bacterium UBA2166
0.00	48	48	S	2026770	                Nitrospiraceae bacterium
0.01	608	0	O1	212210	            unclassified Nitrospirales
0.01	608	608	S	2358460	              Nitrospirales bacterium
0.02	1118	0	D1	49928	      unclassified Bacteria
0.02	1118	1118	S	1869227	        bacterium
0.01	846	0	P	29547	      Campylobacterota
0.01	846	0	C	3031852	        Epsilonproteobacteria
0.01	846	0	O	213849	          Campylobacterales
0.01	846	0	F	2771471	            Thiovulaceae
0.01	846	0	G	202746	              Sulfurimonas
0.01	846	0	G1	2623549	                unclassified Sulfurimonas
0.01	846	846	S	2022749	                  Sulfurimonas sp.
0.01	571	0	P	203691	      Spirochaetota
0.01	571	0	C	203692	        Spirochaetia
0.01	532	0	O	136	          Spirochaetales
0.01	462	0	F	137	            Spirochaetaceae
0.01	462	0	F1	38780	              unclassified Spirochaetaceae
0.01	462	462	S	1898206	                Spirochaetaceae bacterium
0.00	69	0	O1	233070	            unclassified Spirochaetales
0.00	69	69	S	2026792	              Spirochaetales bacterium
0.00	39	0	O	1643688	          Leptospirales
0.00	25	0	O1	2604145	            unclassified Leptospirales
0.00	25	25	S	2604146	              Leptospirales bacterium
0.00	14	0	F	170	            Leptospiraceae
0.00	14	0	G	171	              Leptospira
0.00	14	14	S	2484974	                Leptospira gomenensis
0.00	22	0	P	200940	      Thermodesulfobacteriota
0.00	22	0	C	3031451	        Desulfobulbia
0.00	22	0	O	3024411	          Desulfobulbales
0.00	22	0	F	2886822	            Desulfocapsaceae
0.00	22	0	G	40413	              Desulforhopalus
0.00	22	22	S	91360	                Desulforhopalus singaporensis
0.00	17	0	P	32066	      Fusobacteriota
0.00	17	0	C	203490	        Fusobacteriia
0.00	17	0	C1	1948574	          unclassified Fusobacteriia
0.00	17	17	S	1948575	            Fusobacteriia bacterium UBA1095
23.49	1418626	0	D	2157	    Archaea
19.98	1206691	0	D1	1783275	      TACK group
19.93	1203611	0	P	651137	        Nitrososphaerota
17.88	1079750	0	P1	651142	          Nitrososphaerota incertae sedis
16.40	990417	0	P2	905826	            Marine Group I
10.86	655792	655792	S	2511932	              Marine Group I thaumarchaeote
5.42	327123	327123	S	913333	              Thaumarchaeota archaeon SCGC AAA007-O23
0.11	6435	0	P3	905827	              environmental samples
0.11	6435	6435	S	360837	                uncultured marine group I thaumarchaeote
0.02	1065	1065	S	1502294	              Marine Group I thaumarchaeote SCGC AAA799-O18
1.48	89333	0	G	1593364	            Candidatus Nitrosopelagicus
1.48	89263	0	G1	2639127	              unclassified Candidatus Nitrosopelagicus
1.48	89263	89263	S	2026808	                Candidatus Nitrosopelagicus sp.
0.00	70	70	S	1410606	              Candidatus Nitrosopelagicus brevis
2.04	123492	0	P1	1104572	          unclassified Nitrososphaerota
2.04	123293	123293	S	2026795	            Nitrososphaerota archaeon
0.00	199	199	S	1915753	            Thaumarchaeota archaeon UBA141
0.01	368	0	C	1643678	          Nitrososphaeria
0.01	368	0	O	31932	            Nitrosopumilales
0.01	368	0	F	338190	              Nitrosopumilaceae
0.01	368	0	G	338191	                Nitrosopumilus
0.01	368	0	G1	517605	                  environmental samples
0.01	368	368	S	517606	                    uncultured Candidatus Nitrosopumilus sp.
0.05	3038	0	P	1915410	        Candidatus Verstraetearchaeota
0.05	3038	0	C	1915413	          Candidatus Methanomethylicia
0.05	3038	0	O	1915414	            Candidatus Methanomethylicales
0.05	3038	0	F	1915415	              Candidatus Methanomethylicaceae
0.05	3038	0	G	1915412	                Candidatus Methanosuratincola
0.05	3038	0	G1	2633343	                  unclassified Candidatus Methanosuratincola
0.05	3038	3038	S	2495426	                    Candidatus Methanosuratincola sp.
0.00	40	0	P	928852	        Candidatus Bathyarchaeota
0.00	40	0	P1	1700837	          unclassified Candidatus Bathyarchaeota
0.00	40	40	S	2026714	            Candidatus Bathyarchaeota archaeon
3.16	190843	0	P	2283796	      Candidatus Thermoplasmatota
2.11	127292	0	C	2599185	        Candidatus Poseidoniia
2.11	127292	0	O	133814	          Candidatus Poseidoniales
2.09	126134	0	O1	2599254	            unclassified Candidatus Poseidoniales
2.03	122468	122468	S	1915914	              Euryarchaeota archaeon UBA528
0.02	1410	1410	S	2163009	              Candidatus Poseidoniales archaeon
0.02	1062	1062	S	1915969	              Euryarchaeota archaeon UBA623
0.01	490	490	S	2007295	              Marine Group II euryarchaeote MED-G34
0.01	585	585	S	1915920	              Euryarchaeota archaeon UBA54
0.00	70	70	S	1915943	              Euryarchaeota archaeon UBA58
0.00	29	29	S	1915951	              Euryarchaeota archaeon UBA60
0.00	17	17	S	1915916	              Euryarchaeota archaeon UBA53
0.02	1013	0	F	2599196	            Candidatus Thalassarchaeaceae
0.01	839	0	G	1680826	              Candidatus Thalassoarchaea
0.01	839	839	S	2599289	                Candidatus Thalassoarchaea betae
0.00	173	0	F1	2670397	              unclassified Candidatus Thalassarchaeaceae
0.00	173	173	S	2670411	                Candidatus Thalassarchaeaceae archaeon
0.00	124	0	F	2599197	            Candidatus Poseidoniaceae
0.00	124	0	F1	2666345	              unclassified Candidatus Poseidoniaceae
0.00	124	124	S	2666346	                Candidatus Poseidoniaceae archaeon
0.00	20	0	O1	133815	            environmental samples
0.00	20	20	S	274854	              uncultured Candidatus Poseidoniales archaeon
1.05	63551	0	C	183967	        Thermoplasmata
1.05	63551	0	O	347538	          Candidatus Thermoprofundales
1.04	63011	63011	S	1915770	            Euryarchaeota archaeon UBA136
0.01	422	422	S	1889001	            Marine Group III euryarchaeote CG-Bathy1
0.00	99	99	S	1915769	            Euryarchaeota archaeon UBA102
0.00	17	0	O1	347539	            environmental samples
0.00	17	17	S	360836	              uncultured marine group III euryarchaeote
0.34	20519	0	P	28890	      Euryarchaeota
0.33	19919	0	P1	115531	        unclassified Euryarchaeota
0.33	19905	19905	S	2026739	          Euryarchaeota archaeon
0.00	13	13	S	1915765	          Euryarchaeota archaeon UBA24
0.01	600	0	P1	33867	        Euryarchaeota incertae sedis
0.01	600	0	P2	124423	          Marine Group IV
0.01	600	0	P3	2666252	            unclassified Marine Group IV
0.01	600	600	S	2675329	              Marine Group IV archaeon HikBin4
0.01	505	0	D1	1783276	      DPANN group
0.01	473	0	D2	1801617	        Candidatus Pacearchaeota
0.01	473	473	S	2026773	          Candidatus Pacearchaeota archaeon
0.00	18	0	P	192989	        Nanoarchaeota
0.00	18	0	P1	2303497	          unclassified Nanoarchaeota
0.00	18	18	S	2026764	            Nanoarchaeota archaeon
0.00	13	0	P	1801616	        Candidatus Woesearchaeota
0.00	13	13	S	2026803	          Candidatus Woesearchaeota archaeon
0.00	65	0	D1	93506	      unclassified Archaea
0.00	65	65	S	1906665	        archaeon
