100.00	13954863	0	R	1	root
100.00	13954282	0	R1	131567	  cellular organisms
99.66	13907204	0	D	2	    Bacteria
89.35	12468764	0	P	1224	      Pseudomonadota
81.20	11331731	0	C	1236	        Gammaproteobacteria
61.91	8639468	0	O	135622	          Alteromonadales
59.50	8303237	0	F	72275	            Alteromonadaceae
59.50	8303126	0	F1	2903219	              Alteromonas/Salinimonas group
59.46	8297824	0	G	226	                Alteromonas
54.78	7644077	7644077	S	28108	                  Alteromonas macleodii
3.75	523101	523101	S	314275	                  Alteromonas mediterranea
0.74	103159	0	G1	2614992	                  unclassified Alteromonas
0.30	42154	42154	S	1917158	                    Alteromonas sp. RW2A1
0.32	44788	44788	S	2785913	                    Alteromonas sp. B31-7
0.03	4066	4066	S	2267264	                    Alteromonas sp. RKMC-009
0.07	10260	10260	S	2058133	                    Alteromonas sp. MB-3u-76
0.01	732	732	S	2961948	                    Alteromonas sp. LMIT006
0.00	458	458	S	1714845	                    Alteromonas sp. BL110
0.00	498	498	S	3002962	                    Alteromonas sp. 009811495
0.00	199	199	S	2358187	                    Alteromonas sp. 76-1
0.15	21173	21173	S	589873	                  Alteromonas australica
0.03	3959	3959	S	715451	                  Alteromonas naphthalenivorans
0.01	1051	1051	S	1858656	                  Alteromonas pelagimontana
0.01	1301	1301	S	233316	                  Alteromonas stellipolaris
0.04	5301	0	G	288793	                Salinimonas
0.03	4271	4271	S	2303538	                  Salinimonas sediminis
0.01	940	940	S	2572577	                  Salinimonas iocasae
0.00	90	90	S	914153	                  Salinimonas lutimaris
0.00	42	0	G	261825	              Agarivorans
0.00	42	42	S	680279	                Agarivorans gilvus
0.00	35	0	G	2894574	              Saccharobesus
0.00	35	35	S	2172099	                Saccharobesus litoralis
0.00	32	0	G	2650549	              Hydrocarboniclastica
0.00	32	32	S	2259620	                Hydrocarboniclastica marina
1.60	222747	0	F	267888	            Pseudoalteromonadaceae
1.60	222698	0	G	53246	              Pseudoalteromonas
0.66	92573	0	G1	194690	                unclassified Pseudoalteromonas
0.29	40901	40901	S	2822846	                  Pseudoalteromonas sp. SCSIO 43088
0.03	4756	4756	S	2822847	                  Pseudoalteromonas sp. SCSIO 43101
0.03	3506	3506	S	562716	                  Pseudoalteromonas sp. CF6-2
0.16	21974	21974	S	2785910	                  Pseudoalteromonas sp. A41-2
0.07	9379	9379	S	2759705	                  Pseudoalteromonas sp. MT33b
0.04	6253	6253	S	2752475	                  Pseudoalteromonas sp. JSTW
0.03	4582	4582	S	234831	                  Pseudoalteromonas sp. SM9913
0.00	496	496	S	2003316	                  Pseudoalteromonas sp. GCY
0.00	122	122	S	2587843	                  Pseudoalteromonas sp. THAF3
0.00	62	62	S	1390185	                  Pseudoalteromonas sp. DL-6
0.00	85	85	S	2894202	                  Pseudoalteromonas sp. SCSIO 43095
0.00	189	189	S	87791	                  Pseudoalteromonas sp. PS1M3
0.00	181	181	S	2699396	                  Pseudoalteromonas sp. APM04
0.00	81	81	S	2490635	                  Pseudoalteromonas sp. Xi13
0.07	10040	10040	S	1190813	                Pseudoalteromonas shioyasakiensis
0.74	102972	102972	S	621376	                Pseudoalteromonas donghaensis
0.03	4814	4814	S	43662	                Pseudoalteromonas piscicida
0.05	7299	7299	S	570156	                Pseudoalteromonas lipolytica
0.00	363	363	S	2518973	                Pseudoalteromonas rhizosphaerae
0.00	132	132	S	298657	                Pseudoalteromonas spongiae
0.01	1840	1840	S	152297	                Pseudoalteromonas issachenkonii
0.00	85	85	S	161398	                Pseudoalteromonas phenolica
0.00	82	82	S	182141	                Pseudoalteromonas prydzensis
0.01	950	950	S	874454	                Pseudoalteromonas arabiensis
0.00	78	78	S	247523	                Pseudoalteromonas aliena
0.01	1198	1198	S	43659	                Pseudoalteromonas tetraodonis
0.00	131	131	S	151081	                Pseudoalteromonas ruthenica
0.00	33	33	S	1348114	                Pseudoalteromonas piratica
0.00	101	101	S	176102	                Pseudoalteromonas agarivorans
0.00	48	0	G	907197	              Psychrosphaera
0.00	48	48	S	2820710	                Psychrosphaera ytuae
0.78	109056	0	F	267893	            Idiomarinaceae
0.78	109056	0	G	135575	              Idiomarina
0.54	75164	75164	S	135577	                Idiomarina loihiensis
0.11	15998	0	G1	2614829	                unclassified Idiomarina
0.09	12338	12338	S	2055892	                  Idiomarina sp. X4
0.03	3660	3660	S	2100422	                  Idiomarina sp. OT37-5b
0.07	9725	9725	S	86102	                Idiomarina abyssalis
0.06	8167	8167	S	1096243	                Idiomarina piscisalsi
0.03	4267	0	F	267890	            Shewanellaceae
0.03	4267	0	G	22	              Shewanella
0.03	3535	0	G1	196818	                unclassified Shewanella
0.02	2509	2509	S	2989727	                  Shewanella sp. JNE2
0.00	652	652	S	1930557	                  Shewanella sp. FDAARGOS_354
0.00	185	185	S	351745	                  Shewanella sp. W3-18-1
0.00	171	171	S	2589790	                  Shewanella sp. LC6
0.00	16	16	S	2864212	                  Shewanella sp. FJAT-51860
0.00	363	363	S	24	                Shewanella putrefaciens
0.00	113	113	S	38313	                Shewanella algae
0.00	145	145	S	558541	                Shewanella chilikensis
0.00	88	88	S	332186	                Shewanella xiamenensis
0.00	21	21	S	62322	                Shewanella baltica
0.00	146	0	F	267889	            Colwelliaceae
0.00	146	0	G	28228	              Colwellia
0.00	146	0	G1	196834	                unclassified Colwellia
0.00	146	146	S	2583805	                  Colwellia sp. M166
0.00	12	0	F	267894	            Psychromonadaceae
0.00	12	0	G	67572	              Psychromonas
0.00	12	0	G1	2614957	                unclassified Psychromonas
0.00	12	12	S	314282	                  Psychromonas sp. CNPT3
12.10	1688114	0	O	135619	          Oceanospirillales
11.99	1672690	0	F	28256	            Halomonadaceae
9.82	1370707	0	G	2745	              Halomonas
5.41	755478	755478	S	29570	                Halomonas meridiana
2.52	351315	0	G1	2609666	                unclassified Halomonas
1.91	266769	266769	S	2953657	                  Halomonas sp. DN3
0.03	4004	4004	S	2785909	                  Halomonas sp. A40-4
0.27	37204	37204	S	2136172	                  Halomonas sp. SF2003
0.01	1873	1873	S	1504981	                  Halomonas sp. KO116
0.20	28371	28371	S	1346287	                  Halomonas sp. A3H3
0.03	4858	4858	S	2883106	                  Halomonas sp. NyZ770
0.01	1365	1365	S	2956797	                  Halomonas sp. Y3
0.01	1558	1558	S	2855441	                  Halomonas sp. 18071143
0.01	793	793	S	2587849	                  Halomonas sp. THAF12
0.01	1389	1389	S	2730360	                  Halomonas sp. PGE1
0.00	388	388	S	1610576	                  Halomonas sp. R57-5
0.00	258	258	S	2893469	                  Halomonas sp. 7T
0.00	182	182	S	2992143	                  Halomonas sp. BDJS001
0.00	147	147	S	2832500	                  Halomonas sp. FeN2
0.00	164	164	S	999141	                  Halomonas sp. TD01
0.00	91	91	S	2773308	                  Halomonas sp. YLGW01
0.00	254	254	S	2306583	                  Halomonas sp. JS92-SW72
0.00	57	57	S	2982691	                  Halomonas sp. GD1P12
0.00	75	75	S	2587844	                  Halomonas sp. THAF5a
0.00	572	572	S	2557993	                  Halomonas sp. XH26
0.00	53	53	S	2952527	                  Halomonas sp. 3H
0.00	486	486	S	507763	                  Halomonas sp. MS1
0.00	27	27	S	1118153	                  Halomonas sp. GFAJ-1
0.00	347	347	S	1761789	                  Halomonas sp. hl-4
0.00	18	18	S	2749040	                  Halomonas sp. SH5A2
1.80	250822	250822	S	2609667	                Halomonas piezotolerans
0.01	1117	1117	S	1178482	                Halomonas huangheensis
0.04	5658	5658	S	664683	                Halomonas titanicae
0.01	2051	2051	S	115561	                Halomonas hydrothermalis
0.02	2613	2613	S	2733484	                Halomonas sulfidoxydans
0.00	415	415	S	44935	                Halomonas venusta
0.00	116	116	S	2746	                Halomonas elongata
0.00	664	664	S	2866211	                Halomonas qaidamensis
0.00	50	50	S	475662	                Halomonas beimenensis
0.00	41	41	S	2733488	                Halomonas sulfidivorans
0.00	329	329	S	213554	                Halomonas campaniensis
0.00	30	30	S	1081866	                Halomonas socia
1.63	227495	0	G	204286	              Cobetia
0.90	125183	0	G1	2609414	                unclassified Cobetia
0.73	102007	102007	S	2661553	                  Cobetia sp. AM6
0.15	21238	21238	S	2758724	                  Cobetia sp. 4B
0.01	1881	1881	S	2609415	                  Cobetia sp. cqz5-12
0.00	56	56	S	2686360	                  Cobetia sp. L2A1
0.73	101340	101340	S	1055104	                Cobetia amphilecti
0.00	512	512	S	1055101	                Cobetia pacifica
0.00	458	458	S	28258	                Cobetia marina
0.52	72850	0	G	42054	              Chromohalobacter
0.52	72850	72850	S	158080	                Chromohalobacter salexigens
0.01	1585	0	G	504090	              Kushneria
0.01	831	831	S	698828	                Kushneria konosiri
0.01	753	753	S	157779	                Kushneria marisflavi
0.00	35	0	G	404432	              Salinicola
0.00	35	35	S	1771309	                Salinicola tamaricis
0.00	16	0	G	1897649	              Pistricoccus
0.00	16	16	S	1883414	                Pistricoccus aurantiacus
0.10	14478	0	F	224372	            Alcanivoracaceae
0.10	13990	0	G	59753	              Alcanivorax
0.10	13878	0	G1	2638842	                unclassified Alcanivorax
0.10	13413	13413	S	2259335	                  Alcanivorax sp. ALC70
0.00	380	380	S	2014542	                  Alcanivorax sp. N3-2A
0.00	84	84	S	1113728	                  Alcanivorax sp. NBRC 101098
0.00	112	112	S	59754	                Alcanivorax borkumensis
0.00	343	0	G	2025617	              Ketobacter
0.00	343	343	S	1917421	                Ketobacter alkanivorans
0.00	143	0	G	3020832	              Alloalcanivorax
0.00	119	119	S	1094342	                Alloalcanivorax xenomutans
0.00	24	24	S	285091	                Alloalcanivorax dieselolei
0.01	883	0	F	135620	            Oceanospirillaceae
0.00	380	0	G	48075	              Marinobacterium
0.00	346	346	S	48076	                Marinobacterium georgiense
0.00	33	33	S	518898	                Marinobacterium sediminicola
0.00	299	0	G	187492	              Thalassolituus
0.00	237	237	S	187493	                Thalassolituus oleivorans
0.00	61	0	G1	2624967	                unclassified Thalassolituus
0.00	61	61	S	2597518	                  Thalassolituus sp. C2-1
0.00	110	0	G	2893036	              Venatorbacter
0.00	110	110	S	2661630	                Venatorbacter cucullus
0.00	74	0	G	3018276	              Aliamphritea
0.00	74	74	S	1524258	                Aliamphritea ceti
0.00	18	0	G	515417	              Amphritea
0.00	18	18	S	355243	                Amphritea atlantica
0.00	61	0	F	224379	            Hahellaceae
0.00	61	0	G	158481	              Hahella
0.00	43	0	G1	2624107	                unclassified Hahella
0.00	43	43	S	1628392	                  Hahella sp. KA22
0.00	18	18	S	158327	                Hahella chejuensis
6.86	957141	0	O	72274	          Pseudomonadales
5.06	705867	0	F	2887365	            Marinobacteraceae
5.06	705867	0	G	2742	              Marinobacter
4.11	573256	573256	S	2743	                Marinobacter nauticus
0.83	115337	0	G1	83889	                unclassified Marinobacter
0.57	79078	79078	S	1671721	                  Marinobacter sp. CP1
0.16	21895	21895	S	1749259	                  Marinobacter sp. LQ44
0.04	5756	5756	S	2886046	                  Marinobacter sp. AN1
0.03	4460	4460	S	2547598	                  Marinobacter sp. JH2
0.02	2353	2353	S	2304594	                  Marinobacter sp. Arc7-DN-1
0.01	777	777	S	2488665	                  Marinobacter sp. NP-4(2019)
0.01	952	952	S	1761794	                  Marinobacter sp. es.042
0.00	63	63	S	50741	                  Marinobacter sp.
0.04	5790	5790	S	418719	                Marinobacter salsuginis
0.02	2585	2585	S	1420917	                Marinobacter salarius
0.06	8782	8782	S	1033846	                Marinobacter adhaerens
0.00	51	51	S	1420916	                Marinobacter similis
0.00	39	39	S	2603215	                Marinobacter fonticola
0.00	22	22	S	1874317	                Marinobacter salinus
1.80	251274	0	F	135621	            Pseudomonadaceae
1.47	205806	0	G	2901189	              Halopseudomonas
1.15	160857	0	G1	136844	                Halopseudomonas pertucinogena group
1.15	160857	160857	S	857252	                  Halopseudomonas aestusnigri
0.30	42502	0	G1	2901190	                unclassified Halopseudomonas
0.29	40057	40057	S	3015994	                  Halopseudomonas sp. MFKK-1
0.02	2445	2445	S	2918528	                  Halopseudomonas sp. RR6
0.02	2357	2357	S	472181	                Halopseudomonas sabulinigri
0.00	89	89	S	797277	                Halopseudomonas litoralis
0.27	38167	0	G	286	              Pseudomonas
0.26	36102	0	G1	136841	                Pseudomonas aeruginosa group
0.25	35184	35184	S	287	                  Pseudomonas aeruginosa
0.01	917	0	G2	1232139	                  Pseudomonas oleovorans/pseudoalcaligenes group
0.01	917	917	S	301	                    Pseudomonas oleovorans
0.01	894	0	G1	196821	                unclassified Pseudomonas
0.01	894	894	S	2706126	                  Pseudomonas sp. OIL-1
0.00	400	400	S	437900	                Pseudomonas marincola
0.00	125	0	G1	136845	                Pseudomonas putida group
0.00	81	81	S	303	                  Pseudomonas putida
0.00	44	44	S	70775	                  Pseudomonas plecoglossicida
0.00	116	116	S	2830842	                Pseudomonas nanhaiensis
0.00	361	361	S	2502979	                Pseudomonas khazarica
0.00	71	71	S	65741	                Pseudomonas knackmussii
0.00	71	71	S	489632	                Pseudomonas chengduensis
0.00	23	23	S	2906062	                Pseudomonas wenzhouensis
0.05	7299	0	G	2901164	              Stutzerimonas
0.05	7131	0	G1	136846	                Stutzerimonas stutzeri group
0.05	6531	0	G2	578833	                  Stutzerimonas stutzeri subgroup
0.03	4664	4664	S	316	                    Stutzerimonas stutzeri
0.01	1450	1450	S	1211807	                    Stutzerimonas kunmingensis
0.00	416	416	S	203192	                    Stutzerimonas chloritidismutans
0.00	397	397	S	74829	                  Stutzerimonas balearica
0.00	202	202	S	2968969	                  Stutzerimonas frequens
0.00	168	168	S	1176257	                [Pseudomonas] zhaodongensis
0.14	19829	0	O	135623	          Vibrionales
0.14	19829	0	F	641	            Vibrionaceae
0.14	19124	0	G	662	              Vibrio
0.09	12605	0	G1	717610	                Vibrio harveyi group
0.06	8545	8545	S	680	                  Vibrio campbellii
0.00	283	0	G2	2315253	                  Vibrio diabolicus subgroup
0.00	283	283	S	50719	                    Vibrio diabolicus
0.00	420	420	S	670	                  Vibrio parahaemolyticus
0.00	164	164	S	512649	                  Vibrio azureus
0.02	3033	3033	S	663	                  Vibrio alginolyticus
0.00	158	158	S	669	                  Vibrio harveyi
0.02	2883	0	G1	1891919	                Vibrio oreintalis group
0.02	2883	2883	S	29498	                  Vibrio tubiashii
0.01	1025	1025	S	29494	                Vibrio furnissii
0.00	506	506	S	104609	                Vibrio penaeicida
0.00	537	537	S	170679	                Vibrio chagasii
0.00	540	540	S	666	                Vibrio cholerae
0.00	341	341	S	1763883	                Vibrio cidicii
0.00	103	103	S	170651	                Vibrio neptunius
0.00	62	0	G1	2614977	                unclassified Vibrio
0.00	62	62	S	2587865	                  Vibrio sp. THAF190c
0.00	80	80	S	672	                Vibrio vulnificus
0.00	100	100	S	296199	                Vibrio gigantis
0.00	41	41	S	2479546	                Vibrio zhugei
0.00	158	158	S	676	                Vibrio fluvialis
0.00	122	122	S	55601	                Vibrio anguillarum
0.00	16	16	S	664643	                Vibrio plantisponsor
0.00	541	0	G	2042066	              Paraphotobacterium
0.00	541	541	S	1755811	                Paraphotobacterium marinum
0.00	91	0	G	657	              Photobacterium
0.00	69	69	S	38293	                Photobacterium damselae
0.00	21	21	S	680026	                Photobacterium swingsii
0.00	43	0	G	511678	              Aliivibrio
0.00	43	43	S	40269	                Aliivibrio salmonicida
0.00	29	0	G	51366	              Salinivibrio
0.00	29	29	S	1908198	                Salinivibrio kushneri
0.10	13960	0	C1	118884	          Gammaproteobacteria incertae sedis
0.09	12395	0	G	2841677	            Candidatus Pseudothioglobus
0.09	12395	12395	S	1427364	              Candidatus Pseudothioglobus singularis
0.01	1565	0	G	655184	            Candidatus Thioglobus
0.01	949	0	G1	2644172	              unclassified Candidatus Thioglobus
0.01	949	949	S	2508687	                Candidatus Thioglobus sp. NP1
0.00	616	616	S	1705394	              Candidatus Thioglobus autotrophicus
0.05	6840	0	O	91347	          Enterobacterales
0.03	4125	0	F	543	            Enterobacteriaceae
0.02	2154	0	F1	2890311	              Klebsiella/Raoultella group
0.02	2154	0	G	570	                Klebsiella
0.01	1531	1531	S	573	                  Klebsiella pneumoniae
0.00	623	623	S	1463165	                  Klebsiella quasipneumoniae
0.01	1079	0	G	547	              Enterobacter
0.01	1079	0	G1	354276	                Enterobacter cloacae complex
0.01	1079	1079	S	158836	                  Enterobacter hormaechei
0.01	890	0	G	561	              Escherichia
0.01	890	890	S	562	                Escherichia coli
0.02	2577	0	F	1903414	            Morganellaceae
0.01	1950	0	G	586	              Providencia
0.01	1950	1950	S	587	                Providencia rettgeri
0.00	626	0	G	583	              Proteus
0.00	585	0	G1	257482	                unclassified Proteus (in: enterobacteria)
0.00	585	585	S	2883107	                  Proteus sp. NMG38-2
0.00	41	41	S	584	                Proteus mirabilis
0.00	95	0	F	1903410	            Pectobacteriaceae
0.00	95	0	G	122277	              Pectobacterium
0.00	95	95	S	1905730	                Pectobacterium parmentieri
0.00	23	0	F	1903411	            Yersiniaceae
0.00	23	0	G	629	              Yersinia
0.00	23	23	S	29486	                Yersinia ruckeri
0.00	19	0	F	1903409	            Erwiniaceae
0.00	19	0	G	53335	              Pantoea
0.00	19	0	G1	2630326	                unclassified Pantoea
0.00	19	19	S	2490851	                  Pantoea sp. CCBC3-3-1
0.02	3171	0	O	2887326	          Moraxellales
0.02	3171	0	F	468	            Moraxellaceae
0.02	2185	0	G	497	              Psychrobacter
0.02	2185	0	G1	196806	                unclassified Psychrobacter
0.00	565	565	S	2733866	                  Psychrobacter sp. KCTC 72983
0.01	857	857	S	1720344	                  Psychrobacter sp. AntiMn-1
0.00	430	430	S	2517899	                  Psychrobacter sp. KH172YL61
0.00	196	196	S	1699624	                  Psychrobacter sp. P11G5
0.00	135	135	S	1982756	                  Psychrobacter sp. L7
0.01	800	0	G	469	              Acinetobacter
0.00	106	0	G1	196816	                unclassified Acinetobacter
0.00	106	106	S	2929514	                  Acinetobacter sp. YH16056_T
0.00	339	339	S	202956	                Acinetobacter towneri
0.00	73	73	S	52133	                Acinetobacter venetianus
0.00	46	46	S	202950	                Acinetobacter baylyi
0.00	76	76	S	756892	                Acinetobacter indicus
0.00	158	158	S	40214	                Acinetobacter johnsonii
0.00	185	0	G	475	              Moraxella
0.00	185	185	S	34062	                Moraxella osloensis
0.01	1227	0	O	1706369	          Cellvibrionales
0.01	723	0	F	1706372	            Halieaceae
0.00	685	0	G	1217416	              Halioglobus
0.00	685	685	S	930805	                Halioglobus japonicus
0.00	38	0	G	393661	              Congregibacter
0.00	38	38	S	393662	                Congregibacter litoralis
0.00	264	0	F	1706371	            Cellvibrionaceae
0.00	264	0	G	359337	              Marinimicrobium
0.00	264	0	G1	2632100	                unclassified Marinimicrobium
0.00	264	264	S	3022676	                  Marinimicrobium sp. C6131
0.00	239	0	F	1706375	            Spongiibacteraceae
0.00	224	0	G	630749	              Spongiibacter
0.00	157	0	G1	2631504	                unclassified Spongiibacter
0.00	157	157	S	1620392	                  Spongiibacter sp. IMCC21906
0.00	67	67	S	2794344	                Spongiibacter nanhainus
0.00	14	0	G	1434050	              Zhongshania
0.00	14	14	S	1470434	                Zhongshania aliphaticivorans
0.01	831	0	O	135624	          Aeromonadales
0.01	831	0	F	84642	            Aeromonadaceae
0.01	831	0	G	642	              Aeromonas
0.00	307	307	S	651	                Aeromonas media
0.00	467	467	S	633415	                Aeromonas sanarellii
0.00	55	55	S	648	                Aeromonas caviae
0.00	407	0	O	135614	          Xanthomonadales
0.00	407	0	F	32033	            Xanthomonadaceae
0.00	305	0	G	40323	              Stenotrophomonas
0.00	305	0	G1	995085	                Stenotrophomonas maltophilia group
0.00	305	305	S	40324	                  Stenotrophomonas maltophilia
0.00	66	0	G	338	              Xanthomonas
0.00	51	0	G1	643453	                Xanthomonas citri group
0.00	51	51	S	346	                  Xanthomonas citri
0.00	15	15	S	347	                Xanthomonas oryzae
0.00	35	0	G	83614	              Luteimonas
0.00	35	35	S	2901869	                Luteimonas fraxinea
0.00	378	0	O	72273	          Thiotrichales
0.00	378	0	F	135616	            Piscirickettsiaceae
0.00	378	0	G	40222	              Methylophaga
0.00	167	167	S	754477	                Methylophaga frappieri
0.00	113	113	S	2881052	                Methylophaga pinxianii
0.00	96	96	S	754476	                Methylophaga nitratireducenticrescens
0.00	111	0	O	118969	          Legionellales
0.00	111	0	F	444	            Legionellaceae
0.00	111	0	G	445	              Legionella
0.00	81	81	S	446	                Legionella pneumophila
0.00	14	14	S	454	                Legionella israelensis
0.00	15	15	S	452	                Legionella spiritensis
0.00	103	0	O	742030	          Salinisphaerales
0.00	103	0	F	742031	            Salinisphaeraceae
0.00	103	0	G	180541	              Salinisphaera
0.00	103	0	G1	2649847	                unclassified Salinisphaera
0.00	103	103	S	2183911	                  Salinisphaera sp. LB1
0.00	76	0	O	135625	          Pasteurellales
0.00	76	0	F	712	            Pasteurellaceae
0.00	76	0	G	724	              Haemophilus
0.00	76	76	S	729	                Haemophilus parainfluenzae
0.00	29	0	O	2887327	          Kangiellales
0.00	29	0	F	1920240	            Kangiellaceae
0.00	29	0	G	261963	              Kangiella
0.00	29	29	S	1561924	                Kangiella profundi
0.00	25	0	O	135613	          Chromatiales
0.00	25	0	F	72276	            Ectothiorhodospiraceae
0.00	25	0	G	1765964	              Acidihalobacter
0.00	25	25	S	1765967	                Acidihalobacter ferrooxydans
0.00	14	0	O	135618	          Methylococcales
0.00	14	0	F	403	            Methylococcaceae
0.00	14	0	G	73778	              Methylocaldum
0.00	14	14	S	1432792	                Methylocaldum marinum
8.07	1126851	0	C	28211	        Alphaproteobacteria
7.12	994047	0	O	204457	          Sphingomonadales
5.50	767259	0	F	335929	            Erythrobacteraceae
5.02	700331	0	F1	2800788	              Erythrobacter/Porphyrobacter group
5.02	700307	0	G	1041	                Erythrobacter
4.97	693730	0	G1	2633097	                  unclassified Erythrobacter
4.96	691471	691471	S	2785907	                    Erythrobacter sp. A30-3
0.02	2163	2163	S	2653850	                    Erythrobacter sp. 3-20A1M
0.00	59	59	S	2587851	                    Erythrobacter sp. THAF29
0.00	35	35	S	2829500	                    Erythrobacter sp. JK5
0.02	3458	3458	S	2182384	                  Erythrobacter aureus
0.02	3073	3073	S	39960	                  Erythrobacter litoralis
0.00	45	45	S	2739433	                  Erythrobacter mangrovi
0.00	23	0	G	1111	                Porphyrobacter
0.00	23	0	G1	2683265	                  unclassified Porphyrobacter
0.00	23	23	S	2003315	                    Porphyrobacter sp. CACIAM 03H1
0.21	28786	0	G	2800681	              Aurantiacibacter
0.21	28786	28786	S	1648404	                Aurantiacibacter atlanticus
0.18	25094	0	G	1855416	              Qipengyuania
0.15	21288	21288	S	192812	                Qipengyuania flava
0.02	3255	0	G1	2645039	                unclassified Qipengyuania
0.02	2930	2930	S	2909673	                  Qipengyuania sp. PHS-Z21
0.00	324	324	S	2979461	                  Qipengyuania sp. SS22
0.00	492	492	S	266951	                Qipengyuania seohaensis
0.00	58	58	S	2867233	                Qipengyuania aurantiaca
0.08	11151	0	G	1295327	              Croceicoccus
0.06	8069	8069	S	450378	                Croceicoccus marinus
0.02	2627	0	G1	2629967	                unclassified Croceicoccus
0.02	2198	2198	S	1703338	                  Croceicoccus sp. Ery15
0.00	355	355	S	1703340	                  Croceicoccus sp. Ery5
0.00	73	73	S	2798724	                  Croceicoccus sp. YJ47
0.00	454	454	S	1348774	                Croceicoccus naphthovorans
0.01	968	0	G	2800686	              Tsuneonella
0.01	968	968	S	2055955	                Tsuneonella flava
0.01	732	0	G	2676755	              Croceibacterium
0.01	732	732	S	1267766	                Croceibacterium atlanticum
0.00	133	0	G	361177	              Altererythrobacter
0.00	105	0	G1	2614945	                unclassified Altererythrobacter
0.00	77	77	S	2060312	                  Altererythrobacter sp. B11
0.00	27	27	S	2067415	                  Altererythrobacter sp. TH136
0.00	14	14	S	476157	                Altererythrobacter ishigakiensis
0.00	14	14	S	361183	                Altererythrobacter epoxidivorans
0.00	60	0	G	2800685	              Pelagerythrobacter
0.00	60	60	S	543877	                Pelagerythrobacter marensis
1.63	226787	0	F	41297	            Sphingomonadaceae
1.11	155012	0	G	2709686	              Novosphingopyxis
1.11	155012	155012	S	2762729	                Novosphingopyxis iocasae
0.43	60168	0	G	165695	              Sphingobium
0.15	21539	0	G1	2611147	                unclassified Sphingobium
0.14	19060	19060	S	1315974	                  Sphingobium sp. TKS
0.01	843	843	S	2082188	                  Sphingobium sp. YG1
0.00	81	81	S	2733867	                  Sphingobium sp. KCTC 72723
0.00	313	313	S	2878545	                  Sphingobium sp. CFD-1
0.00	139	139	S	407020	                  Sphingobium sp. MI1205
0.00	373	373	S	520734	                  Sphingobium sp. RSMS
0.00	40	40	S	2930091	                  Sphingobium sp. AntQ-1
0.00	686	686	S	484429	                  Sphingobium sp. YBL2
0.13	17487	17487	S	13690	                Sphingobium yanoikuyae
0.07	9511	9511	S	121428	                Sphingobium xenophagum
0.07	9816	9816	S	1332080	                Sphingobium baderi
0.01	1151	1151	S	332055	                Sphingobium indicum
0.00	330	330	S	336203	                Sphingobium fuliginis
0.00	265	265	S	120107	                Sphingobium cloacae
0.00	65	65	S	1592790	                Sphingobium phenoxybenzoativorans
0.03	3868	0	G	13687	              Sphingomonas
0.02	2718	2718	S	397260	                Sphingomonas sanxanigenens
0.00	179	0	G1	196159	                unclassified Sphingomonas
0.00	33	33	S	2219696	                  Sphingomonas sp. FARSPH
0.00	146	146	S	304378	                  Sphingomonas sp. IC081
0.00	218	218	S	13689	                Sphingomonas paucimobilis
0.00	184	184	S	296544	                Sphingomonas bisphenolicum
0.00	145	145	S	563996	                Sphingomonas hankookensis
0.00	399	399	S	152682	                Sphingomonas melonis
0.00	22	22	S	1813468	                Sphingomonas naphthae
0.02	3122	0	G	72173	              Citromicrobium
0.02	3122	0	G1	2630544	                unclassified Citromicrobium
0.02	3122	3122	S	1634516	                  Citromicrobium sp. JL477
0.02	2607	0	G	165697	              Sphingopyxis
0.02	2116	2116	S	33050	                Sphingopyxis macrogoltabida
0.00	280	0	G1	2614943	                unclassified Sphingopyxis
0.00	197	197	S	1866325	                  Sphingopyxis sp. MG
0.00	41	41	S	292913	                  Sphingopyxis sp. 113P3
0.00	24	24	S	2482763	                  Sphingopyxis sp. YF1
0.00	16	16	S	1914525	                  Sphingopyxis sp. FD7
0.00	126	126	S	267128	                Sphingopyxis granuli
0.00	64	64	S	33052	                Sphingopyxis terrae
0.00	20	20	S	117207	                Sphingopyxis alaskensis
0.01	1882	0	G	165696	              Novosphingobium
0.01	929	0	G1	2644732	                unclassified Novosphingobium
0.01	858	858	S	164608	                  Novosphingobium sp. KA1
0.00	43	43	S	702113	                  Novosphingobium sp. PP1Y
0.00	27	27	S	2571749	                  Novosphingobium sp. EMRT-2
0.01	698	698	S	205844	                Novosphingobium pentaromativorans
0.00	177	177	S	2698673	                Novosphingobium decolorationis
0.00	77	77	S	158500	                Novosphingobium resinovorum
0.00	125	0	G	2676233	              Sphingosinithalassobacter
0.00	125	125	S	2711215	                Sphingosinithalassobacter tenebrarum
0.38	52608	0	O	204455	          Rhodobacterales
0.33	46280	0	F	2854170	            Roseobacteraceae
0.16	23004	0	G	60136	              Sulfitobacter
0.05	6681	0	G1	196795	                unclassified Sulfitobacter
0.03	4545	4545	S	1389011	                  Sulfitobacter sp. SK025
0.00	155	155	S	2867025	                  Sulfitobacter sp. W027
0.01	1006	1006	S	1968541	                  Sulfitobacter sp. D7
0.00	235	235	S	2867024	                  Sulfitobacter sp. W002
0.00	673	673	S	2867026	                  Sulfitobacter sp. W074
0.00	65	65	S	2883127	                  Sulfitobacter sp. DSM 110093
0.10	13822	13822	S	1775881	                Sulfitobacter faviae
0.02	2184	2184	S	60137	                Sulfitobacter pontiacus
0.00	247	247	S	218673	                Sulfitobacter dubius
0.00	67	67	S	1917485	                Sulfitobacter alexandrii
0.14	19866	0	G	263377	              Salipiger
0.14	19700	19700	S	1229727	                Salipiger profundus
0.00	166	166	S	1250539	                Salipiger abyssi
0.01	1936	0	G	74030	              Roseovarius
0.01	1533	1533	S	540747	                Roseovarius indicus
0.00	167	167	S	74031	                Roseovarius tolerans
0.00	137	0	G1	2614913	                unclassified Roseovarius
0.00	137	137	S	2980108	                  Roseovarius sp. HL-MP18
0.00	98	98	S	215743	                Roseovarius mucosus
0.00	519	0	G	58842	              Sagittula
0.00	519	0	G1	2624628	                unclassified Sagittula
0.00	519	519	S	2009329	                  Sagittula sp. P11
0.00	267	0	G	1433986	              Actibacterium
0.00	267	0	G1	2649852	                unclassified Actibacterium
0.00	267	267	S	1609966	                  Actibacterium sp. EMB200-NS6
0.00	170	0	G	93682	              Roseivivax
0.00	170	170	S	1379903	                Roseivivax marinus
0.00	160	0	G	2854186	              Pseudosulfitobacter
0.00	124	124	S	1402135	                Pseudosulfitobacter pseudonitzschiae
0.00	35	0	G1	2854199	                unclassified Pseudosulfitobacter
0.00	35	35	S	2883100	                  Pseudosulfitobacter sp. DSM 107133
0.00	157	0	G	302485	              Phaeobacter
0.00	106	106	S	221822	                Phaeobacter inhibens
0.00	33	33	S	1580596	                Phaeobacter piscinae
0.00	17	17	S	1844006	                Phaeobacter porticola
0.00	111	0	G	2919626	              Yangia
0.00	111	111	S	311180	                Yangia pacifica
0.00	60	0	G	191028	              Leisingera
0.00	31	0	G1	2614906	                unclassified Leisingera
0.00	31	31	S	2930199	                  Leisingera sp. BMJM1
0.00	29	29	S	506591	                Leisingera caerulea
0.00	24	0	G	53945	              Octadecabacter
0.00	24	0	G1	196158	                unclassified Octadecabacter
0.00	24	24	S	2602067	                  Octadecabacter sp. SW4
0.05	6327	0	F	31989	            Paracoccaceae
0.02	3190	0	G	2846749	              Pacificitalea
0.02	3190	3190	S	1411902	                Pacificitalea manganoxidans
0.01	1022	0	G	2083206	              Tritonibacter
0.01	1022	1022	S	379347	                Tritonibacter mobilis
0.01	938	0	G	265	              Paracoccus
0.00	272	0	G1	2688777	                unclassified Paracoccus (in: a-proteobacteria)
0.00	183	183	S	3017781	                  Paracoccus sp. SCSIO 75817
0.00	37	37	S	3017783	                  Paracoccus sp. SCSIO 76264
0.00	20	20	S	267	                  Paracoccus sp. (in: a-proteobacteria)
0.00	30	30	S	3017782	                  Paracoccus sp. SCSIO 75233
0.00	159	159	S	659350	                Paracoccus stylophorae
0.00	335	335	S	147645	                Paracoccus yeei
0.00	50	50	S	1545044	                Paracoccus sanguinis
0.00	63	63	S	34002	                Paracoccus alcaliphilus
0.00	38	38	S	1077935	                Paracoccus zhejiangensis
0.00	18	18	S	453842	                Paracoccus aestuarii
0.01	830	0	G	1679449	              Pseudooceanicola
0.01	830	830	S	1461694	                Pseudooceanicola atlanticus
0.00	155	0	G	1759417	              Pseudohalocynthiibacter
0.00	155	155	S	1591409	                Pseudohalocynthiibacter aestuariivivens
0.00	51	0	G	1855413	              Brevirhabdus
0.00	51	51	S	1267768	                Brevirhabdus pacifica
0.00	38	0	G	285107	              Thioclava
0.00	38	38	S	1549850	                Thioclava electrotropha
0.00	28	0	G	2831925	              Pukyongiella
0.00	28	28	S	2605946	                Pukyongiella litopenaei
0.00	27	0	G	34008	              Rhodovulum
0.00	27	0	G1	2631432	                unclassified Rhodovulum
0.00	27	27	S	1564506	                  Rhodovulum sp. P5
0.00	27	0	G	2944826	              Pontibrevibacter
0.00	27	27	S	2758038	                Pontibrevibacter nitratireducens
0.00	16	0	G	1434002	              Falsirhodobacter
0.00	16	0	G1	2633719	                unclassified Falsirhodobacter
0.00	16	16	S	2692330	                  Falsirhodobacter sp. PG104
0.31	42921	0	O	356	          Hyphomicrobiales
0.25	34641	0	F	2821832	            Stappiaceae
0.24	33631	0	G	150830	              Roseibium
0.24	33174	33174	S	187304	                Roseibium aggregatum
0.00	456	0	G1	2629323	                unclassified Roseibium
0.00	456	456	S	3016006	                  Roseibium sp. Sym1
0.00	673	0	G	152161	              Stappia
0.00	443	443	S	538381	                Stappia indica
0.00	229	0	G1	2629676	                unclassified Stappia
0.00	229	229	S	1881061	                  Stappia sp. ES.058
0.00	335	0	G	227873	              Pannonibacter
0.00	335	335	S	121719	                Pannonibacter phragmitetus
0.04	5359	0	F	255475	            Aurantimonadaceae
0.03	4605	0	G	293088	              Martelella
0.02	3329	3329	S	293089	                Martelella mediterranea
0.01	1131	0	G1	2629616	                unclassified Martelella
0.01	1131	1131	S	686597	                  Martelella sp. AD-3
0.00	145	145	S	2583532	                Martelella lutilitoris
0.01	753	0	G	1775688	              Jiella
0.01	753	0	G1	2643868	                unclassified Jiella
0.01	753	753	S	2986949	                  Jiella sp. HL-NP1
0.02	2552	0	F	119045	            Methylobacteriaceae
0.02	2552	0	G	407	              Methylobacterium
0.01	1925	1925	S	31998	                Methylobacterium radiotolerans
0.00	550	550	S	418223	                Methylobacterium phyllosphaerae
0.00	77	77	S	269660	                Methylobacterium brachiatum
0.00	148	0	F	2831106	            Devosiaceae
0.00	85	0	G	46913	              Devosia
0.00	85	0	G1	196773	                unclassified Devosia
0.00	85	85	S	2083786	                  Devosia sp. I507
0.00	62	0	G	1082930	              Pelagibacterium
0.00	62	0	G1	2623280	                unclassified Pelagibacterium
0.00	62	62	S	2984530	                  Pelagibacterium sp. YIM 151497
0.00	80	0	F	118882	            Brucellaceae
0.00	80	0	F1	2826938	              Brucella/Ochrobactrum group
0.00	80	0	G	234	                Brucella
0.00	32	32	S	370111	                  Brucella pseudintermedia
0.00	47	47	S	419475	                  Brucella pseudogrignonensis
0.00	52	0	F	2813035	            Parvibaculaceae
0.00	52	0	G	1742974	              Pyruvatibacter
0.00	52	52	S	1712261	                Pyruvatibacter mobilis
0.00	42	0	F	41294	            Nitrobacteraceae
0.00	42	0	G	1033	              Afipia
0.00	42	0	G1	2642050	                unclassified Afipia
0.00	42	42	S	1320552	                  Afipia sp. NBIMC_P1-C1
0.00	23	0	F	2685818	            Amorphaceae
0.00	23	0	G	1904377	              Acuticoccus
0.00	23	0	G1	2631034	                unclassified Acuticoccus
0.00	23	23	S	2928472	                  Acuticoccus sp. I52.16.1
0.00	21	0	F	69277	            Phyllobacteriaceae
0.00	21	0	G	2911176	              Aquibium
0.00	21	21	S	1670800	                Aquibium oceanicum
0.20	27274	0	O	54526	          Pelagibacterales
0.20	27274	0	F	1655514	            Pelagibacteraceae
0.20	27274	0	G	198251	              Candidatus Pelagibacter
0.19	26690	0	G1	2647897	                unclassified Candidatus Pelagibacter
0.10	14577	14577	S	1977865	                  Candidatus Pelagibacter sp. RS40
0.08	10552	10552	S	2268451	                  Candidatus Pelagibacter sp. FZCC0015
0.01	1560	1560	S	1977864	                  Candidatus Pelagibacter sp. RS39
0.00	583	583	S	2563896	                Candidatus Pelagibacter giovannonii
0.05	6432	0	O	204441	          Rhodospirillales
0.04	5026	0	F	2844866	            Thalassospiraceae
0.04	5026	0	G	168934	              Thalassospira
0.03	3660	0	G1	2648997	                unclassified Thalassospira
0.02	3229	3229	S	2785911	                  Thalassospira sp. B30-1
0.00	271	271	S	2785908	                  Thalassospira sp. A40-3
0.00	159	159	S	2946605	                  Thalassospira sp. GO-4
0.01	1227	1227	S	1891279	                Thalassospira indica
0.00	138	138	S	220697	                Thalassospira xiamenensis
0.01	1405	0	F	2066434	            Geminicoccaceae
0.01	1405	0	G	171436	              Tistrella
0.01	1405	1405	S	171437	                Tistrella mobilis
0.02	2959	0	O	2800060	          Hyphomonadales
0.02	2959	0	F	69657	            Hyphomonadaceae
0.02	2930	0	G	85	              Hyphomonas
0.02	2428	2428	S	1280948	                Hyphomonas atlantica
0.00	502	0	G1	2630699	                unclassified Hyphomonas
0.00	502	502	S	2016196	                  Hyphomonas sp. KY3
0.00	29	0	G	2723	              Hirschia
0.00	29	29	S	2724	                Hirschia baltica
0.00	409	0	O	2800059	          Maricaulales
0.00	409	0	F	2800061	            Maricaulaceae
0.00	195	0	G	74317	              Maricaulis
0.00	195	195	S	74318	                Maricaulis maris
0.00	139	0	G	1433402	              Glycocaulis
0.00	139	139	S	1434191	                Glycocaulis alkaliphilus
0.00	74	0	G	1649466	              Marinicauda
0.00	74	74	S	2029849	                Marinicauda algicola
0.00	103	0	O	204458	          Caulobacterales
0.00	103	0	F	76892	            Caulobacteraceae
0.00	81	0	G	41275	              Brevundimonas
0.00	81	81	S	1312364	                Brevundimonas albigilva
0.00	21	0	G	75	              Caulobacter
0.00	21	0	G1	2648921	                unclassified Caulobacter
0.00	21	21	S	69665	                  Caulobacter sp. FWC26
0.00	80	0	O	255473	          Parvularculales
0.00	80	0	F	255474	            Parvularculaceae
0.00	67	0	G	208215	              Parvularcula
0.00	67	67	S	208216	                Parvularcula bermudensis
0.00	13	0	G	2038635	              Hyphococcus
0.00	13	13	S	1866326	                Hyphococcus flavus
0.00	13	0	O	2066490	          Emcibacterales
0.00	13	0	F	2066491	            Emcibacteraceae
0.00	13	0	G	2943291	              Pseudemcibacter
0.00	13	13	S	2857064	                Pseudemcibacter aquimaris
0.07	10181	0	C	28216	        Betaproteobacteria
0.07	9920	0	O	80840	          Burkholderiales
0.07	9577	0	F	119060	            Burkholderiaceae
0.05	7430	0	G	106589	              Cupriavidus
0.03	4717	4717	S	82633	                Cupriavidus pauculus
0.02	2584	2584	S	151783	                Cupriavidus campinensis
0.00	127	127	S	119219	                Cupriavidus metallidurans
0.01	1589	0	G	48736	              Ralstonia
0.01	1540	1540	S	329	                Ralstonia pickettii
0.00	49	49	S	105219	                Ralstonia mannitolilytica
0.00	489	0	G	131079	              Limnobacter
0.00	489	0	G1	2630203	                unclassified Limnobacter
0.00	489	489	S	2732163	                  Limnobacter sp. SAORIC-580
0.00	44	0	G	47670	              Lautropia
0.00	44	44	S	47671	                Lautropia mirabilis
0.00	23	0	G	1827195	              Caballeronia
0.00	23	0	G1	2646786	                unclassified Caballeronia
0.00	23	23	S	2878153	                  Caballeronia sp. TF1N1
0.00	175	0	F	80864	            Comamonadaceae
0.00	175	0	G	34072	              Variovorax
0.00	175	0	G1	663243	                unclassified Variovorax
0.00	175	175	S	207745	                  Variovorax sp. WDL1
0.00	130	0	F	506	            Alcaligenaceae
0.00	102	0	G	305976	              Pusillimonas
0.00	102	0	G1	2640016	                unclassified Pusillimonas
0.00	102	102	S	2716226	                  Pusillimonas sp. DMV24BSW_D
0.00	28	0	G	1100891	              Paenalcaligenes
0.00	28	28	S	2980099	                Paenalcaligenes faecalis
0.00	36	0	F	75682	            Oxalobacteraceae
0.00	36	0	G	963	              Herbaspirillum
0.00	36	36	S	863372	                Herbaspirillum huttiense
0.00	260	0	O	206389	          Rhodocyclales
0.00	260	0	F	75787	            Rhodocyclaceae
0.00	260	0	G	1914449	              Rugosibacter
0.00	260	260	S	1565605	                Rugosibacter aromaticivorans
9.88	1378908	0	D1	1783270	      FCB group
9.88	1378908	0	D2	68336	        Bacteroidetes/Chlorobi group
9.88	1378908	0	P	976	          Bacteroidota
9.88	1378128	0	C	117743	            Flavobacteriia
9.88	1378128	0	O	200644	              Flavobacteriales
9.86	1376144	0	F	49546	                Flavobacteriaceae
6.59	919338	0	G	417127	                  Zunongwangia
6.27	874925	874925	S	398743	                    Zunongwangia profunda
0.32	44413	0	G1	2632541	                    unclassified Zunongwangia
0.30	42157	42157	S	2779359	                      Zunongwangia sp. SCSIO 43204
0.01	1426	1426	S	3015168	                      Zunongwangia sp. HGR-M22
0.01	829	829	S	3015170	                      Zunongwangia sp. HRR-M8
2.39	333158	0	G	283735	                  Leeuwenhoekiella
2.14	299049	299049	S	573501	                    Leeuwenhoekiella palythoae
0.24	34108	0	G1	2615029	                    unclassified Leeuwenhoekiella
0.24	34108	34108	S	2719912	                      Leeuwenhoekiella sp. ZYFB001
0.53	74087	0	G	1287916	                  Euzebyella
0.53	74087	74087	S	1761453	                    Euzebyella marina
0.11	14808	0	G	143222	                  Salegentibacter
0.10	13622	13622	S	270918	                    Salegentibacter mishustinae
0.01	1155	0	G1	2633436	                    unclassified Salegentibacter
0.01	1155	1155	S	1729720	                      Salegentibacter sp. T436
0.00	30	30	S	143223	                    Salegentibacter salegens
0.08	11219	0	G	111500	                  Muricauda
0.06	7719	7719	S	254955	                    Muricauda aquimarina
0.02	2413	2413	S	516051	                    Muricauda lutaonensis
0.01	969	969	S	2698672	                    Muricauda oceani
0.00	117	117	S	111501	                    Muricauda ruestringensis
0.06	8460	0	G	286104	                  Winogradskyella
0.06	7957	0	G1	2615021	                    unclassified Winogradskyella
0.06	7862	7862	S	2929510	                      Winogradskyella sp. MH6
0.00	94	94	S	1936080	                      Winogradskyella sp. J14-2
0.00	363	363	S	2686077	                    Winogradskyella forsetii
0.00	113	113	S	2686078	                    Winogradskyella schleiferi
0.00	26	26	S	1382466	                    Winogradskyella sediminis
0.05	6958	0	G	292691	                  Gramella
0.02	2753	0	G1	2615027	                    unclassified Gramella
0.02	2423	2423	S	2705471	                      Gramella sp. MT6
0.00	266	266	S	2920386	                      Gramella sp. GC03-9
0.00	63	63	S	1250205	                      Gramella sp. MAR_2010_147
0.02	2220	2220	S	1486245	                    Gramella flava
0.01	1749	1749	S	411153	                    Gramella forsetii
0.00	131	131	S	279359	                    Gramella echinicola
0.00	103	103	S	2126553	                    Gramella fulva
0.02	3127	0	G	252356	                  Maribacter
0.01	840	0	G1	2615042	                    unclassified Maribacter
0.01	840	840	S	1644130	                      Maribacter sp. 1_2014MBL_MicDiv
0.01	914	914	S	1178778	                    Maribacter cobaltidurans
0.01	1357	1357	S	320912	                    Maribacter dokdonensis
0.00	15	15	S	1836467	                    Maribacter hydrothermalis
0.01	1101	0	G	216431	                  Croceibacter
0.01	1101	1101	S	313588	                    Croceibacter atlanticus
0.01	749	0	G	104267	                  Tenacibaculum
0.01	749	0	G1	2635139	                    unclassified Tenacibaculum
0.01	749	749	S	754423	                      Tenacibaculum sp. SZ-18
0.00	571	0	G	444051	                  Mesoflavibacter
0.00	571	0	G1	2630131	                    unclassified Mesoflavibacter
0.00	571	571	S	2779362	                      Mesoflavibacter sp. SCSIO 43206
0.00	508	0	G	363408	                  Nonlabens
0.00	335	335	S	930802	                    Nonlabens marinus
0.00	158	158	S	331648	                    Nonlabens spongiae
0.00	15	15	S	328515	                    Nonlabens dokdonensis
0.00	344	0	G	2058174	                  Antarcticibacterium
0.00	202	202	S	2058175	                    Antarcticibacterium flavum
0.00	79	79	S	2585771	                    Antarcticibacterium arcticum
0.00	62	0	G1	2631190	                    unclassified Antarcticibacterium
0.00	62	62	S	2908210	                      Antarcticibacterium sp. 1MA-6-2
0.00	323	0	G	2700084	                  Urechidicola
0.00	323	323	S	1850246	                    Urechidicola croceus
0.00	265	0	G	237	                  Flavobacterium
0.00	265	0	G1	196869	                    unclassified Flavobacterium
0.00	265	265	S	2775246	                      Flavobacterium sp. CS20
0.00	208	0	G	343334	                  Costertonia
0.00	208	208	S	343403	                    Costertonia aggregata
0.00	207	0	G	2045416	                  Oceanihabitans
0.00	207	0	G1	2631961	                    unclassified Oceanihabitans
0.00	207	207	S	2529032	                      Oceanihabitans sp. IOP_32
0.00	194	0	G	178469	                  Arenibacter
0.00	194	194	S	616991	                    Arenibacter algicola
0.00	155	0	G	244698	                  Gillisia
0.00	155	0	G1	2615025	                    unclassified Gillisia
0.00	155	155	S	1336796	                      Gillisia sp. Hel1_33_143
0.00	107	0	G	379070	                  Gilvibacter
0.00	107	0	G1	2625242	                    unclassified Gilvibacter
0.00	107	107	S	754429	                      Gilvibacter sp. SZ-19
0.00	96	0	G	387658	                  Marixanthomonas
0.00	96	0	G1	2632265	                    unclassified Marixanthomonas
0.00	96	96	S	2779360	                      Marixanthomonas sp. SCSIO 43207
0.00	39	0	G	291183	                  Lacinutrix
0.00	39	0	G1	2647285	                    unclassified Lacinutrix
0.00	39	39	S	2980107	                      Lacinutrix sp. HL-RS19
0.00	29	0	G	283785	                  Bizionia
0.00	29	0	G1	2626393	                    unclassified Bizionia
0.00	29	29	S	2675331	                      Bizionia sp. M204
0.00	21	0	G	2987594	                  Rasiella
0.00	21	21	S	2744027	                    Rasiella rasia
0.00	16	0	G	49277	                  Psychroserpens
0.00	16	0	G1	2615011	                    unclassified Psychroserpens
0.00	16	16	S	2570561	                      Psychroserpens sp. NJDZ02
0.00	16	0	G	83612	                  Psychroflexus
0.00	16	0	G1	196864	                    unclassified Psychroflexus
0.00	16	16	S	2777186	                      Psychroflexus sp. ALD_RP9
0.00	14	0	G	561367	                  Salinimicrobium
0.00	14	0	G1	2643747	                    unclassified Salinimicrobium
0.00	14	14	S	2809707	                      Salinimicrobium sp. HN-2-9-2
0.00	13	0	G	52959	                  Polaribacter
0.00	13	0	G1	196858	                    unclassified Polaribacter
0.00	13	13	S	2745561	                      Polaribacter sp. HaHaR_3_91
0.01	1538	0	F	1333713	                Schleiferiaceae
0.01	1538	0	G	2828338	                  Croceimicrobium
0.01	1538	1538	S	2761580	                    Croceimicrobium hydrocarbonivorans
0.00	445	0	F	2762318	                Weeksellaceae
0.00	263	0	F1	2782232	                  Chryseobacterium group
0.00	263	0	G	2782231	                    Kaistella
0.00	263	0	G1	2762626	                      unclassified Kaistella
0.00	263	263	S	2989820	                        Kaistella sp. BT6-1-3
0.00	182	0	G	59734	                  Empedobacter
0.00	182	182	S	343874	                    Empedobacter falsenii
0.01	780	0	C	768503	            Cytophagia
0.01	780	0	O	768507	              Cytophagales
0.01	716	0	F	563798	                Cyclobacteriaceae
0.00	376	0	G	246875	                  Algoriphagus
0.00	376	0	G1	2641541	                    unclassified Algoriphagus
0.00	376	376	S	2705473	                      Algoriphagus sp. NBT04N3
0.00	194	0	G	390846	                  Echinicola
0.00	123	123	S	2859768	                    Echinicola marina
0.00	70	70	S	390884	                    Echinicola vietnamensis
0.00	60	0	G	232244	                  Belliella
0.00	60	60	S	232259	                    Belliella baltica
0.00	54	0	G	280472	                  Aquiflexum
0.00	54	54	S	280473	                    Aquiflexum balticum
0.00	32	0	G	68288	                  Cyclobacterium
0.00	32	32	S	104	                    Cyclobacterium marinum
0.00	35	0	F	2896860	                Spirosomaceae
0.00	35	0	G	2975149	                  Marinilongibacter
0.00	35	35	S	2975157	                    Marinilongibacter aquaticus
0.00	27	0	F	2762301	                Marivirgaceae
0.00	27	0	G	869806	                  Marivirga
0.00	27	27	S	1006	                    Marivirga tractuosa
0.41	56651	0	D1	1783272	      Terrabacteria group
0.18	25027	0	P	201174	        Actinomycetota
0.18	24448	0	C	1760	          Actinomycetes
0.11	15067	0	O	85006	            Micrococcales
0.08	10678	0	F	85023	              Microbacteriaceae
0.07	10445	0	G	33882	                Microbacterium
0.06	7893	7893	S	2782167	                  Microbacterium luteum
0.01	1871	0	G1	2609290	                  unclassified Microbacterium
0.00	141	141	S	1714373	                    Microbacterium sp. No. 7
0.01	1644	1644	S	2861280	                    Microbacterium sp. PAMC21962
0.00	85	85	S	2483401	                    Microbacterium sp. 10M-3C3
0.00	379	379	S	69362	                  Microbacterium schleiferi
0.00	228	228	S	199592	                  Microbacterium paraoxydans
0.00	27	27	S	36805	                  Microbacterium aurum
0.00	22	22	S	2782168	                  Microbacterium atlanticum
0.00	22	22	S	84292	                  Microbacterium chocolatum
0.00	108	0	G	1331730	                Chryseoglobus
0.00	108	108	S	2750620	                  Chryseoglobus indicus
0.00	59	0	G	55968	                Leucobacter
0.00	59	59	S	1784719	                  Leucobacter triazinivorans
0.00	46	0	G	881616	                Herbiconiux
0.00	46	0	G1	2618217	                  unclassified Herbiconiux
0.00	46	46	S	2905871	                    Herbiconiux sp. L3-i23
0.00	18	0	G	2034	                Curtobacterium
0.00	18	18	S	2035	                  Curtobacterium flaccumfaciens
0.02	2208	0	F	1268	              Micrococcaceae
0.01	1077	0	G	57493	                Kocuria
0.01	722	722	S	71999	                  Kocuria palustris
0.00	154	0	G1	2649579	                  unclassified Kocuria
0.00	154	154	S	2719588	                    Kocuria sp. KD4
0.00	199	199	S	1049583	                  Kocuria indica
0.00	623	0	G	32207	                Rothia
0.00	469	469	S	43675	                  Rothia mucilaginosa
0.00	79	79	S	37923	                  Rothia kristinae
0.00	54	54	S	172042	                  Rothia aeria
0.00	20	20	S	2047	                  Rothia dentocariosa
0.00	507	0	G	1269	                Micrococcus
0.00	507	507	S	1270	                  Micrococcus luteus
0.01	1646	0	F	85019	              Brevibacteriaceae
0.01	1646	0	G	1696	                Brevibacterium
0.01	1158	0	G1	2614124	                  unclassified Brevibacterium
0.00	451	451	S	2575923	                    Brevibacterium sp. CS2
0.01	706	706	S	2823518	                    Brevibacterium sp. W7.2
0.00	488	488	S	33889	                  Brevibacterium casei
0.00	222	0	F	2805426	              Kytococcaceae
0.00	222	0	G	57499	                Kytococcus
0.00	222	222	S	1276	                  Kytococcus sedentarius
0.00	203	0	F	2805590	              Ornithinimicrobiaceae
0.00	127	0	G	265976	                Serinicoccus
0.00	127	127	S	767452	                  Serinicoccus chungangensis
0.00	75	0	G	125287	                Ornithinimicrobium
0.00	75	75	S	1288636	                  Ornithinimicrobium flavum
0.00	86	0	F	145358	              Bogoriellaceae
0.00	86	0	G	154116	                Georgenia
0.00	86	0	G1	2626815	                  unclassified Georgenia
0.00	86	86	S	2917725	                    Georgenia sp. TF02-10
0.00	21	0	F	145357	              Dermacoccaceae
0.00	21	0	G	57495	                Dermacoccus
0.00	21	0	G1	2643059	                  unclassified Dermacoccus
0.00	21	21	S	2762331	                    Dermacoccus sp. PAMC28757
0.05	6351	0	O	85009	            Propionibacteriales
0.05	6351	0	F	31957	              Propionibacteriaceae
0.05	6351	0	G	1912216	                Cutibacterium
0.04	5945	5945	S	1747	                  Cutibacterium acnes
0.00	387	387	S	33011	                  Cutibacterium granulosum
0.00	18	18	S	2559073	                  Cutibacterium modestum
0.02	2712	0	O	85007	            Mycobacteriales
0.01	1447	0	F	1762	              Mycobacteriaceae
0.01	1447	0	G	1866885	                Mycolicibacterium
0.01	1447	1447	S	39694	                  Mycolicibacterium poriferae
0.01	1143	0	F	1653	              Corynebacteriaceae
0.01	1143	0	G	1716	                Corynebacterium
0.00	228	228	S	401472	                  Corynebacterium ureicelerivorans
0.00	224	224	S	38304	                  Corynebacterium tuberculostearicum
0.00	206	206	S	1979527	                  Corynebacterium kefirresidentii
0.00	42	42	S	161879	                  Corynebacterium kroppenstedtii
0.00	73	73	S	2594913	                  Corynebacterium sanguinis
0.00	188	188	S	43990	                  Corynebacterium segmentosum
0.00	47	47	S	161899	                  Corynebacterium singulare
0.00	133	133	S	38284	                  Corynebacterium accolens
0.00	97	0	F	85029	              Dietziaceae
0.00	97	0	G	37914	                Dietzia
0.00	97	97	S	322509	                  Dietzia kunjamensis
0.00	24	0	F	85025	              Nocardiaceae
0.00	24	0	G	1827	                Rhodococcus
0.00	24	24	S	1828	                  Rhodococcus fascians
0.00	183	0	O	85010	            Pseudonocardiales
0.00	183	0	F	2070	              Pseudonocardiaceae
0.00	183	0	G	1847	                Pseudonocardia
0.00	183	0	G1	2619320	                  unclassified Pseudonocardia
0.00	183	183	S	445576	                    Pseudonocardia sp. AL041005-10
0.00	105	0	O	85011	            Kitasatosporales
0.00	105	0	F	2062	              Streptomycetaceae
0.00	105	0	G	1883	                Streptomyces
0.00	79	0	G1	2593676	                  unclassified Streptomyces
0.00	32	32	S	862751	                    Streptomyces sp. SirexAA-E
0.00	46	46	S	2582831	                    Streptomyces sp. SUK 48
0.00	26	26	S	2282738	                  Streptomyces paludis
0.00	27	0	O	2037	            Actinomycetales
0.00	27	0	F	2049	              Actinomycetaceae
0.00	27	0	G	2529408	                Schaalia
0.00	27	27	S	1660	                  Schaalia odontolytica
0.00	483	0	C	84992	          Acidimicrobiia
0.00	483	0	O	84993	            Acidimicrobiales
0.00	483	0	F	633392	              Iamiaceae
0.00	396	0	G	467975	                Iamia
0.00	396	396	S	467976	                  Iamia majanohamensis
0.00	86	0	G	1648491	                Aquihabitans
0.00	86	0	G1	2633173	                  unclassified Aquihabitans
0.00	86	86	S	2884263	                    Aquihabitans sp. Kera 3
0.00	95	0	C	908620	          Nitriliruptoria
0.00	95	0	O	908621	            Euzebyales
0.00	95	0	F	908622	              Euzebyaceae
0.00	95	0	G	908623	                Euzebya
0.00	95	95	S	1608957	                  Euzebya pacifica
0.13	17889	0	P	1239	        Bacillota
0.13	17830	0	C	91061	          Bacilli
0.12	16876	0	O	1385	            Bacillales
0.10	13936	0	F	90964	              Staphylococcaceae
0.10	13855	0	G	1279	                Staphylococcus
0.03	4505	4505	S	1290	                  Staphylococcus hominis
0.04	5563	5563	S	29388	                  Staphylococcus capitis
0.02	2453	2453	S	1282	                  Staphylococcus epidermidis
0.00	177	177	S	29378	                  Staphylococcus arlettae
0.00	248	248	S	1292	                  Staphylococcus warneri
0.00	123	123	S	45972	                  Staphylococcus pasteuri
0.00	100	100	S	29385	                  Staphylococcus saprophyticus
0.00	100	100	S	1283	                  Staphylococcus haemolyticus
0.00	417	417	S	1280	                  Staphylococcus aureus
0.00	34	34	S	29379	                  Staphylococcus auricularis
0.00	34	34	S	33028	                  Staphylococcus saccharolyticus
0.00	75	75	S	29382	                  Staphylococcus cohnii
0.00	20	20	S	28035	                  Staphylococcus lugdunensis
0.00	56	0	G	227979	                Jeotgalicoccus
0.00	56	0	G1	2630462	                  unclassified Jeotgalicoccus
0.00	56	56	S	946435	                    Jeotgalicoccus sp. ATCC 8456
0.00	24	0	G	1955413	                Abyssicoccus
0.00	24	24	S	1817405	                  Abyssicoccus albus
0.02	2297	0	F	186817	              Bacillaceae
0.02	2297	0	G	1386	                Bacillus
0.02	2297	0	G1	653685	                  Bacillus subtilis group
0.01	1705	0	G2	1938374	                    Bacillus amyloliquefaciens group
0.01	1705	1705	S	492670	                      Bacillus velezensis
0.00	591	591	S	1423	                    Bacillus subtilis
0.00	513	0	F	186818	              Planococcaceae
0.00	377	0	G	1372	                Planococcus
0.00	377	377	S	192421	                  Planococcus maritimus
0.00	135	0	G	157226	                Jeotgalibacillus
0.00	135	135	S	1508404	                  Jeotgalibacillus malaysiensis
0.00	80	0	O1	539002	              Bacillales incertae sedis
0.00	80	0	O2	539742	                Bacillales Family XII. Incertae Sedis
0.00	80	0	G	33986	                  Exiguobacterium
0.00	80	80	S	340146	                    Exiguobacterium mexicanum
0.00	49	0	F	186823	              Alicyclobacillaceae
0.00	49	0	G	29330	                Alicyclobacillus
0.00	49	0	G1	2622400	                  unclassified Alicyclobacillus
0.00	49	49	S	2665646	                    Alicyclobacillus sp. SO9
0.01	954	0	O	186826	            Lactobacillales
0.01	841	0	F	1300	              Streptococcaceae
0.00	544	0	G	1301	                Streptococcus
0.00	163	163	S	1305	                  Streptococcus sanguinis
0.00	140	140	S	1308	                  Streptococcus thermophilus
0.00	240	240	S	150055	                  Streptococcus lutetiensis
0.00	296	0	G	1357	                Lactococcus
0.00	296	296	S	1358	                  Lactococcus lactis
0.00	80	0	F	186827	              Aerococcaceae
0.00	80	0	G	1375	                Aerococcus
0.00	80	80	S	51665	                  Aerococcus urinaeequi
0.00	32	0	F	186828	              Carnobacteriaceae
0.00	32	0	G	29393	                Dolosigranulum
0.00	32	32	S	29394	                  Dolosigranulum pigrum
0.00	34	0	C	909932	          Negativicutes
0.00	34	0	O	1843489	            Veillonellales
0.00	34	0	F	31977	              Veillonellaceae
0.00	34	0	G	29465	                Veillonella
0.00	34	34	S	29466	                  Veillonella parvula
0.00	23	0	C	1737404	          Tissierellia
0.00	23	0	O	1737405	            Tissierellales
0.00	23	0	F	1570339	              Peptoniphilaceae
0.00	23	0	G	150022	                Finegoldia
0.00	23	23	S	1260	                  Finegoldia magna
0.10	13734	0	D2	1798711	        Cyanobacteriota/Melainabacteria group
0.10	13734	0	P	1117	          Cyanobacteriota
0.10	13734	0	C	3028117	            Cyanophyceae
0.10	13639	0	O	1890424	              Synechococcales
0.06	8504	0	F	1890426	                Synechococcaceae
0.06	8504	0	G	1129	                  Synechococcus
0.06	8504	0	G1	2626047	                    unclassified Synechococcus
0.04	5517	5517	S	166309	                      Synechococcus sp. MIT S9220
0.01	2051	2051	S	64471	                      Synechococcus sp. CC9311
0.01	739	739	S	1400864	                      Synechococcus sp. BIOS-E4-1
0.00	59	59	S	221341	                      Synechococcus sp. Minos11
0.00	137	137	S	32052	                      Synechococcus sp. WH 8020
0.04	5134	0	F	2881426	                Prochlorococcaceae
0.04	5134	0	G	1218	                  Prochlorococcus
0.04	5134	5134	S	1219	                    Prochlorococcus marinus
0.00	94	0	O	1161	              Nostocales
0.00	94	0	F	1892259	                Aphanizomenonaceae
0.00	94	0	G	110103	                  Anabaenopsis
0.00	94	94	S	156213	                    Anabaenopsis elenkinii
0.02	2843	0	D1	1783257	      PVC group
0.02	2816	0	P	203682	        Planctomycetota
0.02	2816	0	C	203683	          Planctomycetia
0.02	2677	0	O	112	            Planctomycetales
0.02	2677	0	F	126	              Planctomycetaceae
0.01	1516	0	G	1649490	                Rubinisphaera
0.01	1516	1516	S	119	                  Rubinisphaera brasiliensis
0.01	1128	0	G	1649453	                Gimesia
0.01	1128	1128	S	2605989	                  Gimesia chilikensis
0.00	32	0	G	2795780	                Symmachiella
0.00	32	32	S	2527995	                  Symmachiella dynata
0.00	138	0	O	2691354	            Pirellulales
0.00	138	0	F	2691357	              Pirellulaceae
0.00	138	0	G	2714594	                Bremerella
0.00	138	138	S	2527984	                  Bremerella volcania
0.00	27	0	P	256845	        Lentisphaerota
0.00	27	0	C	1313211	          Lentisphaeria
0.00	27	0	O	278081	            Lentisphaerales
0.00	27	0	F	566277	              Lentisphaeraceae
0.00	27	0	G	256846	                Lentisphaera
0.00	27	27	S	1658616	                  Lentisphaera profundi
0.00	36	0	P	2818505	      Myxococcota
0.00	36	0	C	32015	        Myxococcia
0.00	36	0	C1	3031711	          Polyangia
0.00	36	0	O	3031714	            Haliangiales
0.00	36	0	F	224464	              Kofleriaceae
0.00	36	0	G	162027	                Haliangium
0.00	36	36	S	80816	                  Haliangium ochraceum
0.21	29565	0	D	2759	    Eukaryota
0.21	29565	0	D1	33154	      Opisthokonta
0.21	29565	0	K	33208	        Metazoa
0.21	29565	0	K1	6072	          Eumetazoa
0.21	29565	0	K2	33213	            Bilateria
0.21	29565	0	K3	33511	              Deuterostomia
0.21	29565	0	P	7711	                Chordata
0.21	29565	0	P1	89593	                  Craniata
0.21	29565	0	P2	7742	                    Vertebrata
0.21	29565	0	P3	7776	                      Gnathostomata
0.21	29565	0	P4	117570	                        Teleostomi
0.21	29565	0	P5	117571	                          Euteleostomi
0.21	29565	0	P6	8287	                            Sarcopterygii
0.21	29565	0	P7	1338369	                              Dipnotetrapodomorpha
0.21	29565	0	P8	32523	                                Tetrapoda
0.21	29565	0	P9	32524	                                  Amniota
0.21	29565	0	C	40674	                                    Mammalia
0.21	29565	0	C1	32525	                                      Theria
0.21	29565	0	C2	9347	                                        Eutheria
0.21	29565	0	C3	1437010	                                          Boreoeutheria
0.21	29565	0	C4	314146	                                            Euarchontoglires
0.21	29565	0	O	9443	                                              Primates
0.21	29565	0	O1	376913	                                                Haplorrhini
0.21	29565	0	O2	314293	                                                  Simiiformes
0.21	29565	0	O3	9526	                                                    Catarrhini
0.21	29565	0	O4	314295	                                                      Hominoidea
0.21	29565	0	F	9604	                                                        Hominidae
0.21	29565	0	F1	207598	                                                          Homininae
0.21	29565	0	G	9605	                                                            Homo
0.21	29565	29565	S	9606	                                                              Homo sapiens
0.13	17512	0	D	2157	    Archaea
0.09	12527	0	D1	1783275	      TACK group
0.09	12527	0	P	651137	        Nitrososphaerota
0.07	9671	0	P1	651142	          Nitrososphaerota incertae sedis
0.07	9671	0	G	1593364	            Candidatus Nitrosopelagicus
0.07	9671	9671	S	1410606	              Candidatus Nitrosopelagicus brevis
0.02	2856	0	O	31932	          Nitrosopumilales
0.02	2856	0	F	338190	            Nitrosopumilaceae
0.02	2856	0	G	1993653	              Candidatus Nitrosomarinus
0.02	2856	2856	S	1898749	                Candidatus Nitrosomarinus catalina
0.04	4984	0	P	28890	      Euryarchaeota
0.04	4984	0	P1	2290931	        Stenosarchaea group
0.04	4984	0	C	183963	          Halobacteria
0.04	4984	0	O	1644055	            Haloferacales
0.04	4984	0	F	1644056	              Haloferacaceae
0.04	4984	0	G	2251	                Haloferax
0.02	2215	2215	S	35746	                  Haloferax gibbonsii
0.02	2287	2287	S	2246	                  Haloferax volcanii
0.00	481	481	S	114529	                  Haloferax alexandrinus
0.00	581	0	D	10239	  Viruses
0.00	581	0	D1	2731341	    Duplodnaviria
0.00	581	0	K	2731360	      Heunggongvirae
0.00	581	0	P	2731618	        Uroviricota
0.00	581	0	C	2731619	          Caudoviricetes
0.00	352	0	F	2946160	            Kyanoviridae
0.00	138	0	G	2948752	              Haifavirus
0.00	138	138	S	2955972	                Haifavirus tim68
0.00	91	0	G	2733110	              Libanvirus
0.00	91	91	S	2734115	                Libanvirus ptim40
0.00	58	0	G	2948803	              Lipsvirus
0.00	58	58	S	2956125	                Lipsvirus ssm7
0.00	48	0	G	2733096	              Bellamyvirus
0.00	48	48	S	2734095	                Bellamyvirus bellamy
0.00	15	0	G	2733129	              Salacisavirus
0.00	15	15	S	2734140	                Salacisavirus pssm2
0.00	103	0	G	2733104	            Eurybiavirus
0.00	103	103	S	2734108	              Eurybiavirus PHM2
0.00	91	0	F	2731643	            Autographiviridae
0.00	79	0	G	2731934	              Chosvirus
0.00	79	79	S	2733898	                Chosvirus KM23C739
0.00	12	0	G	2731980	              Stupnyavirus
0.00	12	12	S	2733961	                Stupnyavirus KM16C193
0.00	35	0	G	1198976	            Hapunavirus
0.00	35	35	S	499235	              Hapunavirus HAP1
