100.00	3479053	0	R	1	root
100.00	3479053	0	R1	131567	  cellular organisms
93.71	3260183	0	D	2	    Bacteria
58.88	2048490	0	P	1224	      Pseudomonadota
47.64	1657401	0	C	1236	        Gammaproteobacteria
23.53	818482	0	O	135622	          Alteromonadales
18.69	650405	0	F	72275	            Alteromonadaceae
18.63	647976	0	F1	2903219	              Alteromonas/Salinimonas group
18.60	646986	0	G	226	                Alteromonas
12.68	441221	441221	S	28108	                  Alteromonas macleodii
1.93	67015	67015	S	589873	                  Alteromonas australica
2.26	78510	78510	S	314275	                  Alteromonas mediterranea
0.34	11898	11898	S	1656094	                  Alteromonas confluentis
0.29	10197	0	G1	2614992	                  unclassified Alteromonas
0.24	8382	8382	S	2779369	                    Alteromonas sp. IB21
0.02	802	802	S	2267264	                    Alteromonas sp. RKMC-009
0.00	170	170	S	2480797	                    Alteromonas sp. KUL42
0.01	206	206	S	2480799	                    Alteromonas sp. KUL106
0.00	170	170	S	1912139	                    Alteromonas sp. V450
0.00	124	124	S	2795688	                    Alteromonas sp. KC3
0.00	171	171	S	1714845	                    Alteromonas sp. BL110
0.00	46	46	S	1537994	                    Alteromonas sp. LOR
0.00	52	52	S	2653129	                    Alteromonas sp. 38
0.00	35	35	S	2822692	                    Alteromonas sp. MMG017
0.00	35	35	S	1298865	                    Alteromonas sp. ALT199
0.40	13756	13756	S	1892904	                  Alteromonas abrolhosensis
0.33	11609	11609	S	203795	                  Alteromonas marina
0.07	2327	2327	S	2696062	                  Alteromonas profundi
0.06	2200	2200	S	2803813	                  Alteromonas antoniana
0.02	658	658	S	2836180	                  Alteromonas oceanisediminis
0.04	1433	1433	S	715451	                  Alteromonas naphthalenivorans
0.02	649	649	S	1479524	                  Alteromonas gracilis
0.02	763	763	S	2565549	                  Alteromonas portus
0.09	3194	3194	S	2079529	                  Alteromonas alba
0.01	243	243	S	315421	                  Alteromonas hispanica
0.03	1019	1019	S	2071609	                  Alteromonas oceani
0.01	186	186	S	1858656	                  Alteromonas pelagimontana
0.00	84	84	S	471225	                  Alteromonas genovensis
0.00	16	16	S	2803815	                  Alteromonas lipotrueiana
0.03	989	0	G	288793	                Salinimonas
0.03	910	910	S	2303538	                  Salinimonas sediminis
0.00	51	51	S	914153	                  Salinimonas lutimaris
0.00	27	27	S	2572577	                  Salinimonas iocasae
0.06	2023	0	F1	96574	              unclassified Alteromonadaceae
0.04	1413	1413	S	1916082	                Alteromonadaceae bacterium
0.02	610	610	S	1951386	                Alteromonadaceae bacterium UBA2620
0.00	167	0	G	2662254	              Marisediminitalea
0.00	167	167	S	634436	                Marisediminitalea aggregata
0.00	100	0	G	89404	              Glaciecola
0.00	81	0	G1	2618684	                unclassified Glaciecola
0.00	63	63	S	1946570	                  Glaciecola sp. UBA1851
0.00	18	18	S	1914931	                  Glaciecola sp. XM2
0.00	18	0	G1	131489	                environmental samples
0.00	18	18	S	291205	                  uncultured Glaciecola sp.
0.00	55	0	G	2751156	              Ningiella
0.00	55	55	S	2364274	                Ningiella ruwaisensis
0.00	32	0	G	1621534	              Paraglaciecola
0.00	32	32	S	222814	                Paraglaciecola polaris
0.00	28	0	G	2125985	              Neptunicella
0.00	28	28	S	2125989	                Neptunicella marina
0.00	19	0	G	249523	              Aestuariibacter
0.00	19	0	G1	2643480	                unclassified Aestuariibacter
0.00	19	19	S	2841571	                  Aestuariibacter sp. A3R04
4.70	163664	0	F	267888	            Pseudoalteromonadaceae
4.70	163664	0	G	53246	              Pseudoalteromonas
2.16	75146	75146	S	570156	                Pseudoalteromonas lipolytica
0.45	15589	0	G1	194690	                unclassified Pseudoalteromonas
0.34	11890	11890	S	2743618	                  Pseudoalteromonas sp. 0303
0.03	1096	1096	S	53249	                  Pseudoalteromonas sp.
0.05	1747	1747	S	1766621	                  Pseudoalteromonas sp. XI10
0.01	311	311	S	2563601	                  Pseudoalteromonas sp. MEBiC 03607
0.01	180	180	S	1723758	                  Pseudoalteromonas sp. P1-25
0.00	128	128	S	1390185	                  Pseudoalteromonas sp. DL-6
0.00	124	124	S	1938368	                  Pseudoalteromonas sp. EB27
0.00	47	47	S	1348395	                  Pseudoalteromonas sp. H71
0.00	61	61	S	2686354	                  Pseudoalteromonas sp. Z1A8
1.29	44776	44776	S	288	                Pseudoalteromonas atlantica
0.35	12209	12209	S	874454	                Pseudoalteromonas arabiensis
0.20	6968	6968	S	1190813	                Pseudoalteromonas shioyasakiensis
0.04	1285	1285	S	182141	                Pseudoalteromonas prydzensis
0.03	876	876	S	228	                Pseudoalteromonas haloplanktis
0.06	2054	2054	S	1703256	                Pseudoalteromonas gelatinilytica
0.05	1856	1856	S	43659	                Pseudoalteromonas tetraodonis
0.04	1296	1296	S	43660	                Pseudoalteromonas undina
0.02	716	716	S	77608	                Pseudoalteromonas distincta
0.01	421	421	S	28109	                Pseudoalteromonas nigrifaciens
0.00	137	137	S	267375	                Pseudoalteromonas marina
0.00	124	124	S	28107	                Pseudoalteromonas espejiana
0.00	156	156	S	227	                Pseudoalteromonas carrageenovora
0.00	47	47	S	1840331	                Pseudoalteromonas neustonica
0.12	4299	0	F	267893	            Idiomarinaceae
0.12	4067	0	G	135575	              Idiomarina
0.05	1656	1656	S	135577	                Idiomarina loihiensis
0.04	1531	1531	S	86103	                Idiomarina zobellii
0.01	383	383	S	190892	                Idiomarina baltica
0.00	167	167	S	1327752	                Idiomarina aquatica
0.01	241	241	S	1096243	                Idiomarina piscisalsi
0.00	87	87	S	263723	                Idiomarina fontislapidosi
0.01	231	0	F1	946227	              unclassified Idiomarinaceae
0.01	231	231	S	1898113	                Idiomarinaceae bacterium
0.00	83	0	F	267889	            Colwelliaceae
0.00	58	0	G	1407056	              Litorilituus
0.00	36	36	S	718192	                Litorilituus sediminis
0.00	22	22	S	2491017	                Litorilituus lipolyticus
0.00	24	0	G	1518149	              Thalassotalea
0.00	24	24	S	1673741	                Thalassotalea marina
0.00	30	0	F	267890	            Shewanellaceae
0.00	30	0	G	22	              Shewanella
0.00	30	30	S	1738770	                Shewanella inventionis
13.50	469558	0	O	135619	          Oceanospirillales
12.86	447317	0	F	224372	            Alcanivoracaceae
12.73	442950	0	G	59753	              Alcanivorax
10.13	352289	0	G1	2638842	                unclassified Alcanivorax
6.05	210520	210520	S	1798238	                  Alcanivorax sp. DSM 26293
2.95	102788	102788	S	1872427	                  Alcanivorax sp.
1.10	38117	38117	S	236097	                  Alcanivorax sp. DG881
0.02	780	780	S	2606217	                  Alcanivorax sp. DP30
0.00	82	82	S	1945988	                  Alcanivorax sp. UBA4485
1.60	55600	55600	S	64988	                Alcanivorax jadensis
0.94	32794	32794	S	2338368	                Alcanivorax profundi
0.05	1651	1651	S	519051	                Alcanivorax hongdengensis
0.01	335	335	S	59754	                Alcanivorax borkumensis
0.01	256	256	S	1177154	                Alcanivorax nanhaiticus
0.00	23	23	S	2663008	                Alcanivorax sediminis
0.07	2282	0	F1	300692	              unclassified Alcanivoraceae
0.07	2282	2282	S	2024895	                Alcanivoracaceae bacterium
0.06	1989	0	G	3020832	              Alloalcanivorax
0.06	1958	1958	S	172371	                Alloalcanivorax venustensis
0.00	31	31	S	2735259	                Alloalcanivorax profundimaris
0.00	94	0	G	2025617	              Ketobacter
0.00	94	0	G1	2639109	                unclassified Ketobacter
0.00	94	94	S	2602738	                  Ketobacter sp. MCCC 1A13808
0.45	15718	0	F	28256	            Halomonadaceae
0.45	15548	0	G	2745	              Halomonas
0.31	10712	10712	S	77097	                Halomonas aquamarina
0.05	1677	0	G1	2609666	                unclassified Halomonas
0.04	1328	1328	S	1946584	                  Halomonas sp. UBA3074
0.01	321	321	S	1486246	                  Halomonas sp.
0.00	27	27	S	1434831	                  Halomonas sp. JB380
0.05	1691	1691	S	2609667	                Halomonas piezotolerans
0.03	972	972	S	1144478	                Halomonas lionensis
0.01	257	257	S	664683	                Halomonas titanicae
0.00	115	115	S	29570	                Halomonas meridiana
0.00	87	87	S	2729618	                Halomonas sedimenti
0.00	33	33	S	1449798	                Halomonas salicampi
0.00	170	0	G	404432	              Salinicola
0.00	108	0	G1	2634022	                unclassified Salinicola
0.00	108	108	S	1978524	                  Salinicola sp.
0.00	61	61	S	430457	                Salinicola salarius
0.19	6521	0	F	135620	            Oceanospirillaceae
0.13	4366	0	F1	221817	              unclassified Oceanospirillaceae
0.13	4366	4366	S	1899355	                Oceanospirillaceae bacterium
0.05	1727	0	G	187492	              Thalassolituus
0.03	1193	0	G1	2624967	                unclassified Thalassolituus
0.03	1059	1059	S	1947659	                  Thalassolituus sp. UBA2107
0.00	133	133	S	2597518	                  Thalassolituus sp. C2-1
0.02	533	533	S	187493	                Thalassolituus oleivorans
0.01	217	0	G	459520	              Neptuniibacter
0.01	217	0	G1	2630693	                unclassified Neptuniibacter
0.01	217	217	S	1946976	                  Neptuniibacter sp. UBA6509
0.01	175	0	G	759360	              Oleibacter
0.00	87	0	G1	2644231	                unclassified Oleibacter
0.00	87	87	S	2024845	                  Oleibacter sp.
0.00	87	87	S	484498	                Oleibacter marinus
0.00	34	0	G	599651	              Bermanella
0.00	34	0	G1	2627862	                unclassified Bermanella
0.00	34	34	S	2024825	                  Bermanella sp.
5.65	196655	0	O	1706369	          Cellvibrionales
5.64	196113	0	F	1706375	            Spongiibacteraceae
5.34	185738	0	G	630749	              Spongiibacter
4.35	151484	151484	S	354246	                Spongiibacter marinus
0.93	32247	32247	S	454602	                Spongiibacter tropicus
0.04	1546	1546	S	2794344	                Spongiibacter nanhainus
0.01	335	335	S	2760804	                Spongiibacter pelagi
0.00	123	0	G1	2631504	                unclassified Spongiibacter
0.00	123	123	S	1620392	                  Spongiibacter sp. IMCC21906
0.28	9735	0	G	2689588	              Marortus
0.28	9735	9735	S	2067667	                Marortus luteolus
0.02	582	0	G	1434050	              Zhongshania
0.02	532	532	S	1470434	                Zhongshania aliphaticivorans
0.00	49	0	G1	2626179	                unclassified Zhongshania
0.00	49	49	S	1971902	                  Zhongshania sp.
0.00	56	0	F1	1706431	              unclassified Spongiibacteraceae
0.00	56	56	S	1953081	                Spongiibacteraceae bacterium UBA5047
0.01	253	0	F	1706374	            Porticoccaceae
0.01	202	0	F1	1706432	              unclassified Porticoccaceae
0.00	120	120	S	1952748	                Porticoccaceae bacterium UBA1117
0.00	66	0	F2	745004	                SAR92 clade
0.00	66	0	F3	745005	                  environmental samples
0.00	66	66	S	1118066	                    uncultured SAR92 cluster bacterium
0.00	15	15	S	2026782	                Porticoccaceae bacterium
0.00	50	0	G	1123967	              Porticoccus
0.00	50	0	G1	2636594	                unclassified Porticoccus
0.00	50	50	S	2024853	                  Porticoccus sp.
0.01	245	0	F	1706372	            Halieaceae
0.00	155	0	F1	1706379	              unclassified Halieaceae
0.00	125	125	S	1951918	                Halieaceae bacterium UBA5085
0.00	30	30	S	2026743	                Halieaceae bacterium
0.00	90	0	G	475794	              Haliea
0.00	55	55	S	2448162	                Haliea alexandrii
0.00	34	0	G1	2615002	                unclassified Haliea
0.00	34	34	S	1932666	                  Haliea sp.
0.00	43	0	F	1706371	            Cellvibrionaceae
0.00	43	0	G	359337	              Marinimicrobium
0.00	24	24	S	306545	                Marinimicrobium koreense
0.00	18	18	S	306546	                Marinimicrobium agarilyticum
3.15	109487	0	C1	33811	          unclassified Gammaproteobacteria
2.41	83695	83695	S	1913989	            Gammaproteobacteria bacterium
0.71	24715	24715	S	1948640	            Gammaproteobacteria bacterium UBA6940
0.01	462	462	S	1948611	            Gammaproteobacteria bacterium UBA3532
0.01	339	339	S	1948588	            Gammaproteobacteria bacterium UBA1961
0.01	178	178	S	1948582	            Gammaproteobacteria bacterium UBA1119
0.00	59	59	S	913327	            gamma proteobacterium SCGC AAA007-O20
0.00	36	36	S	1811666	            Gammaproteobacteria bacterium REDSEA-S15_B12
1.11	38748	0	O	72274	          Pseudomonadales
0.67	23322	0	F	135621	            Pseudomonadaceae
0.59	20387	0	G	2901189	              Halopseudomonas
0.51	17850	17850	S	857227	                Halopseudomonas gallaeciensis
0.02	734	0	G1	136844	                Halopseudomonas pertucinogena group
0.02	734	734	S	857252	                  Halopseudomonas aestusnigri
0.04	1500	1500	S	254161	                Halopseudomonas pachastrellae
0.01	187	187	S	1708783	                Halopseudomonas oceani
0.00	114	114	S	472181	                Halopseudomonas sabulinigri
0.06	2122	0	G	286	              Pseudomonas
0.02	736	0	G1	136843	                Pseudomonas fluorescens group
0.02	736	736	S	129817	                  Pseudomonas brenneri
0.02	702	0	G1	196821	                unclassified Pseudomonas
0.02	625	625	S	2487347	                  Pseudomonas sp. SSM44
0.00	77	77	S	2482750	                  Pseudomonas sp. AOB-7
0.02	683	683	S	2056231	                Pseudomonas qingdaonensis
0.02	711	0	G	2901164	              Stutzerimonas
0.02	711	0	G1	136846	                Stutzerimonas stutzeri group
0.02	711	0	G2	578833	                  Stutzerimonas stutzeri subgroup
0.02	711	711	S	316	                    Stutzerimonas stutzeri
0.00	101	0	F1	190017	              unclassified Pseudomonadaceae
0.00	65	65	S	1952795	                Pseudomonadaceae bacterium UBA836
0.00	36	36	S	2079806	                Pseudomonadaceae bacterium SI-3
0.44	15380	0	F	2887365	            Marinobacteraceae
0.44	15380	0	G	2742	              Marinobacter
0.08	2621	2621	S	2570351	                Marinobacter alexandrii
0.14	4984	4984	S	1420917	                Marinobacter salarius
0.02	838	0	G1	83889	                unclassified Marinobacter
0.01	412	412	S	50741	                  Marinobacter sp.
0.01	401	401	S	2137198	                  Marinobacter sp. B9-2
0.00	24	24	S	2304594	                  Marinobacter sp. Arc7-DN-1
0.02	746	746	S	2743	                Marinobacter nauticus
0.02	533	533	S	355591	                Marinobacter vinifirmus
0.11	3693	3693	S	1150997	                Marinobacter manganoxydans
0.01	243	243	S	2109942	                Marinobacter fuscus
0.04	1343	1343	S	262076	                Marinobacter flavimaris
0.00	88	88	S	236100	                Marinobacter algicola
0.00	58	58	S	430453	                Marinobacter segnicrescens
0.00	52	52	S	418719	                Marinobacter salsuginis
0.01	175	175	S	1033846	                Marinobacter adhaerens
0.00	45	0	O1	87634	            unclassified Pseudomonadales
0.00	45	45	S	1891229	              Pseudomonadales bacterium
0.28	9855	0	C1	118884	          Gammaproteobacteria incertae sedis
0.15	5223	0	G	655184	            Candidatus Thioglobus
0.15	5223	0	G1	2644172	              unclassified Candidatus Thioglobus
0.15	5172	5172	S	2026721	                Candidatus Thioglobus sp.
0.00	50	50	S	1986229	                Candidatus Thioglobus sp. MED-G25
0.07	2324	0	C2	32036	            sulfur-oxidizing symbionts
0.07	2324	0	G	1541743	              Candidatus Ruthturnera
0.07	2324	0	G1	2649769	                unclassified Candidatus Ruthturnera
0.07	2324	2324	S	1946226	                  Candidatus Ruthia sp. UBA2013
0.05	1839	0	C2	62672	            SAR86 cluster
0.05	1581	0	C3	62673	              environmental samples
0.05	1581	1581	S	648174	                uncultured SAR86 cluster bacterium
0.01	205	205	S	1123866	              SAR86 cluster bacterium SAR86A
0.00	27	27	S	2162561	              SAR86 cluster bacterium AG-422-O05
0.00	25	25	S	2162562	              SAR86 cluster bacterium AG-339-G14
0.01	405	0	G	1524249	            Pseudohongiella
0.01	405	405	S	1768907	              Pseudohongiella nitratireducens
0.00	62	0	C2	744995	            OMG group
0.00	62	0	C3	745001	              K189A clade
0.00	62	62	S	2315472	                K189A clade bacterium
0.21	7332	0	O	72273	          Thiotrichales
0.21	7269	0	F	135616	            Piscirickettsiaceae
0.20	7127	0	G	40222	              Methylophaga
0.17	5801	0	G1	2629249	                unclassified Methylophaga
0.09	3236	3236	S	2024840	                  Methylophaga sp.
0.07	2534	2534	S	1946878	                  Methylophaga sp. UBA2689
0.00	30	30	S	1946882	                  Methylophaga sp. UBA3192
0.04	1309	1309	S	230105	                Methylophaga aminisulfidivorans
0.00	16	16	S	392484	                Methylophaga thiooxydans
0.00	105	0	G	34067	              Cycloclasticus
0.00	105	0	G1	2621467	                unclassified Cycloclasticus
0.00	105	105	S	2024830	                  Cycloclasticus sp.
0.00	36	0	F1	284244	              unclassified Piscirickettsiaceae
0.00	36	36	S	2030828	                Piscirickettsiaceae bacterium
0.00	63	0	F	34064	            Francisellaceae
0.00	48	0	F1	393691	              environmental samples
0.00	48	48	S	393692	                uncultured Francisellaceae bacterium
0.00	15	0	G	262	              Francisella
0.00	15	0	G1	2610885	                unclassified Francisella
0.00	15	15	S	1547445	                  Francisella sp. FSC1006
0.05	1853	0	O	135613	          Chromatiales
0.05	1776	0	F	1046	            Chromatiaceae
0.05	1776	0	G	67575	              Rheinheimera
0.05	1566	1566	S	412437	                Rheinheimera aquimaris
0.01	210	210	S	2498451	                Rheinheimera mangrovi
0.00	76	0	F	1738654	            Woeseiaceae
0.00	76	0	F1	2026805	              unclassified Woeseiaceae
0.00	76	76	S	2026806	                Woeseiaceae bacterium
0.05	1763	0	O	1692040	          Acidiferrobacterales
0.05	1763	0	F	1692041	            Acidiferrobacteraceae
0.05	1763	0	F1	2024892	              unclassified Acidiferrobacteraceae
0.05	1763	1763	S	2024893	                Acidiferrobacteraceae bacterium
0.04	1504	0	O	2887326	          Moraxellales
0.04	1504	0	F	468	            Moraxellaceae
0.02	718	0	G	497	              Psychrobacter
0.02	609	609	S	154108	                Psychrobacter submarinus
0.00	108	108	S	112002	                Psychrobacter pacificensis
0.02	663	0	G	469	              Acinetobacter
0.01	495	495	S	52133	                Acinetobacter venetianus
0.00	167	167	S	40214	                Acinetobacter johnsonii
0.00	122	0	F1	54393	              unclassified Moraxellaceae
0.00	122	122	S	1889775	                Moraxellaceae bacterium
0.03	989	0	O	135618	          Methylococcales
0.03	989	0	F	403	            Methylococcaceae
0.03	989	0	F1	51352	              unclassified Methylococcaceae
0.03	989	989	S	1952219	                Methylococcaceae bacterium UBA1147
0.01	364	0	O	742030	          Salinisphaerales
0.01	364	0	F	742031	            Salinisphaeraceae
0.01	364	0	G	180541	              Salinisphaera
0.01	364	364	S	180542	                Salinisphaera shabanensis
0.01	225	0	O	2887327	          Kangiellales
0.01	225	0	F	1920240	            Kangiellaceae
0.01	225	0	G	261963	              Kangiella
0.01	225	225	S	914150	                Kangiella geojedonensis
0.00	153	0	O	135623	          Vibrionales
0.00	153	0	F	641	            Vibrionaceae
0.00	153	0	G	662	              Vibrio
0.00	153	0	G1	717610	                Vibrio harveyi group
0.00	153	153	S	680	                  Vibrio campbellii
0.00	143	0	C1	50423	          environmental samples
0.00	143	143	S	86473	            uncultured Gammaproteobacteria bacterium
0.00	113	0	O	91347	          Enterobacterales
0.00	113	0	F	1903414	            Morganellaceae
0.00	113	0	G	586	              Providencia
0.00	113	113	S	2027290	                Providencia huaxiensis
0.00	98	0	O	118969	          Legionellales
0.00	98	0	F	444	            Legionellaceae
0.00	98	0	G	445	              Legionella
0.00	98	0	G1	2622702	                unclassified Legionella
0.00	98	98	S	459	                  Legionella sp.
0.00	38	0	O	1775403	          Nevskiales
0.00	38	0	F	568386	            Sinobacteraceae
0.00	38	0	G	1274363	              Polycyclovorans
0.00	38	0	G1	2633197	                unclassified Polycyclovorans
0.00	38	38	S	2024852	                  Polycyclovorans sp.
0.00	32	0	O	135614	          Xanthomonadales
0.00	32	0	O1	451320	            unclassified Xanthomonadales
0.00	32	32	S	2006849	              Xanthomonadales bacterium
10.71	372620	0	C	28211	        Alphaproteobacteria
3.23	112231	0	O	204455	          Rhodobacterales
3.02	105197	0	F	2854170	            Roseobacteraceae
2.06	71765	0	G	60136	              Sulfitobacter
1.87	65122	65122	S	60137	                Sulfitobacter pontiacus
0.06	1958	0	G1	196795	                unclassified Sulfitobacter
0.04	1411	1411	S	1968541	                  Sulfitobacter sp. D7
0.01	388	388	S	1903071	                  Sulfitobacter sp.
0.00	114	114	S	215828	                  Sulfitobacter sp. DFL-14
0.00	43	43	S	1822232	                  Sulfitobacter sp. HI0040
0.13	4474	4474	S	335975	                Sulfitobacter litoralis
0.01	178	178	S	83219	                Sulfitobacter mediterraneus
0.00	31	31	S	218673	                Sulfitobacter dubius
0.53	18276	0	G	367771	              Marinovum
0.53	18276	18276	S	42444	                Marinovum algicola
0.24	8219	0	G	2433	              Roseobacter
0.24	8219	0	G1	196798	                unclassified Roseobacter
0.20	6822	6822	S	1907202	                  Roseobacter sp.
0.04	1397	1397	S	314262	                  Roseobacter sp. MED193
0.03	1064	0	G	188905	              Jannaschia
0.03	1064	1064	S	188906	                Jannaschia helgolandensis
0.03	1058	0	G	404235	              Maritimibacter
0.01	442	442	S	2606218	                Maritimibacter harenae
0.02	615	615	S	404236	                Maritimibacter alkaliphilus
0.03	977	0	G	74030	              Roseovarius
0.03	869	869	S	314263	                Roseovarius nubinhibens
0.00	82	82	S	540747	                Roseovarius indicus
0.00	25	0	G1	2614913	                unclassified Roseovarius
0.00	25	25	S	1486281	                  Roseovarius sp.
0.03	900	0	G	302485	              Phaeobacter
0.02	835	0	G1	2621772	                unclassified Phaeobacter
0.02	835	835	S	1317111	                  Phaeobacter sp. 22II1-1F12B
0.00	65	65	S	60890	                Phaeobacter gallaeciensis
0.02	811	0	G	436357	              Thalassococcus
0.02	811	811	S	2282382	                Thalassococcus profundi
0.02	771	0	G	263377	              Salipiger
0.02	726	726	S	555512	                Salipiger marinus
0.00	45	45	S	344736	                Salipiger bermudensis
0.02	561	0	G	335927	              Thalassobius
0.02	561	0	G1	2619711	                unclassified Thalassobius
0.02	561	561	S	1979401	                  Thalassobius sp.
0.01	252	0	G	245186	              Loktanella
0.01	252	252	S	1524255	                Loktanella ponticola
0.01	241	0	G	309512	              Dinoroseobacter
0.01	241	0	G1	2620028	                unclassified Dinoroseobacter
0.01	241	241	S	2003366	                  Dinoroseobacter sp.
0.01	192	0	G	2854186	              Pseudosulfitobacter
0.01	192	192	S	1402135	                Pseudosulfitobacter pseudonitzschiae
0.00	36	0	G	1068904	              Primorskyibacter
0.00	36	36	S	1387277	                Primorskyibacter flagellatus
0.00	26	0	G	58842	              Sagittula
0.00	26	26	S	943940	                Sagittula marina
0.00	26	0	G	1400062	              Tranquillimonas
0.00	26	26	S	441119	                Tranquillimonas alkanivorans
0.00	14	0	G	573139	              Shimia
0.00	14	14	S	1715693	                Shimia thalassica
0.20	7033	0	F	31989	            Paracoccaceae
0.06	2235	0	G	2824249	              Arenibacterium
0.06	2235	2235	S	2583821	                Arenibacterium halophilum
0.05	1709	0	G	265	              Paracoccus
0.05	1709	0	G1	2688777	                unclassified Paracoccus (in: a-proteobacteria)
0.05	1709	1709	S	1947056	                  Paracoccus sp. UBA889
0.02	823	0	G	2083206	              Tritonibacter
0.02	615	615	S	379347	                Tritonibacter mobilis
0.01	207	207	S	1768241	                Tritonibacter horizontis
0.02	754	0	G	1931200	              Marinibacterium
0.02	754	754	S	1679460	                Marinibacterium profundimaris
0.01	463	0	G	1679449	              Pseudooceanicola
0.01	272	272	S	1461694	                Pseudooceanicola atlanticus
0.01	190	190	S	2029104	                Pseudooceanicola lipolyticus
0.01	367	0	G	663242	              Albimonas
0.01	300	300	S	1114924	                Albimonas pacifica
0.00	67	67	S	356660	                Albimonas donghaensis
0.01	320	0	F1	58840	              unclassified Paracoccaceae
0.01	178	178	S	1904441	                Paracoccaceae bacterium
0.00	142	142	S	1811624	                Rhodobacteraceae bacterium REDSEA-S34_B6
0.01	206	0	G	2211638	              Limimaricola
0.01	206	206	S	1125964	                Limimaricola cinnabarinus
0.00	77	0	G	2813041	              Vannielia
0.00	77	77	S	1217970	                Vannielia litorea
0.00	54	0	G	2840314	              Alterinioella
0.00	54	54	S	2735915	                Alterinioella nitratireducens
0.00	21	0	G	633130	              Thalassobium
0.00	21	0	G1	2624311	                unclassified Thalassobium
0.00	21	21	S	2030825	                  Thalassobium sp.
2.22	77373	0	O	204457	          Sphingomonadales
1.21	41991	0	F	335929	            Erythrobacteraceae
0.78	27139	0	F1	2800788	              Erythrobacter/Porphyrobacter group
0.78	27139	0	G	1041	                Erythrobacter
0.77	26620	0	G1	2633097	                  unclassified Erythrobacter
0.66	22911	22911	S	2785907	                    Erythrobacter sp. A30-3
0.08	2750	2750	S	1042	                    Erythrobacter sp.
0.02	839	839	S	1822240	                    Erythrobacter sp. HI0063
0.00	55	55	S	2793063	                    Erythrobacter sp. YJ-T3-07
0.00	63	63	S	1946470	                    Erythrobacter sp. UBA2510
0.01	459	459	S	39960	                  Erythrobacter litoralis
0.00	43	43	S	1044	                  Erythrobacter longus
0.00	16	16	S	2182384	                  Erythrobacter aureus
0.38	13251	0	G	1855416	              Qipengyuania
0.21	7213	7213	S	225971	                Qipengyuania citrea
0.10	3552	3552	S	192812	                Qipengyuania flava
0.07	2448	2448	S	994320	                Qipengyuania pelagi
0.00	37	37	S	291985	                Qipengyuania vulgaris
0.03	1051	0	G	1295327	              Croceicoccus
0.03	1051	0	G1	2629967	                unclassified Croceicoccus
0.03	1051	1051	S	1927144	                  Croceicoccus sp.
0.01	197	0	F1	517744	              unclassified Erythrobacteraceae
0.01	197	197	S	2026738	                Erythrobacteraceae bacterium
0.01	182	0	G	2792293	              Pseudopontixanthobacter
0.01	182	182	S	2726450	                Pseudopontixanthobacter vadosimaris
0.00	168	0	G	2800681	              Aurantiacibacter
0.00	106	106	S	2307003	                Aurantiacibacter zhengii
0.00	62	62	S	1648404	                Aurantiacibacter atlanticus
1.02	35381	0	F	41297	            Sphingomonadaceae
0.68	23498	0	G	72173	              Citromicrobium
0.56	19494	0	G1	2630544	                unclassified Citromicrobium
0.45	15539	15539	S	2024827	                  Citromicrobium sp.
0.11	3955	3955	S	1946345	                  Citromicrobium sp. UBA3494
0.12	4004	4004	S	72174	                Citromicrobium bathyomarinum
0.23	7986	0	G	13687	              Sphingomonas
0.22	7819	0	G1	196159	                unclassified Sphingomonas
0.22	7819	7819	S	314266	                  Sphingomonas sp. SKA58
0.00	75	75	S	172044	                Sphingomonas yabuuchiae
0.00	64	64	S	93063	                Sphingomonas aquatilis
0.00	26	26	S	185951	                Sphingomonas aerolata
0.07	2498	0	G	165695	              Sphingobium
0.06	2104	0	G1	2611147	                unclassified Sphingobium
0.04	1269	1269	S	1207055	                  Sphingobium sp. C100
0.02	691	691	S	453246	                  Sphingobium sp. TCM1
0.00	33	33	S	1912891	                  Sphingobium sp.
0.00	71	71	S	1768781	                  Sphingobium sp. CCH11-B1
0.00	39	39	S	2017595	                  Sphingobium sp. D43FB
0.00	128	128	S	13690	                Sphingobium yanoikuyae
0.00	66	66	S	870476	                Sphingobium jiangsuense
0.00	91	91	S	1404341	                Sphingobium scionense
0.00	70	70	S	522773	                Sphingobium lactosutens
0.00	37	37	S	121428	                Sphingobium xenophagum
0.02	646	0	F1	122612	              unclassified Sphingomonadaceae
0.02	646	646	S	1986231	                Sphingomonadaceae bacterium MED-G03
0.01	316	0	G	150203	              Blastomonas
0.01	316	316	S	1867408	                Blastomonas marina
0.00	141	0	G	165696	              Novosphingobium
0.00	68	68	S	428991	                Novosphingobium panipatense
0.00	72	72	S	2682494	                Novosphingobium aquimarinum
0.00	125	0	G	165697	              Sphingopyxis
0.00	125	0	G1	2614943	                unclassified Sphingopyxis
0.00	125	125	S	1908224	                  Sphingopyxis sp.
0.00	115	0	G	1124625	              Stakelama
0.00	115	115	S	517720	                Stakelama pacifica
0.00	51	0	G	2709686	              Novosphingopyxis
0.00	51	51	S	2762729	                Novosphingopyxis iocasae
2.12	73690	0	O	54526	          Pelagibacterales
2.12	73653	0	F	1655514	            Pelagibacteraceae
1.44	50069	0	F1	1655516	              unclassified Pelagibacteraceae
1.28	44591	44591	S	2026775	                Pelagibacteraceae bacterium
0.10	3534	3534	S	939316	                alpha proteobacterium SCGC AAA288-E13
0.02	722	722	S	2162008	                Pelagibacteraceae bacterium AG-464-P07
0.02	624	624	S	939324	                alpha proteobacterium SCGC AAA288-G21
0.01	459	459	S	939306	                alpha proteobacterium SCGC AAA240-E13
0.00	117	117	S	939346	                alpha proteobacterium SCGC AAA288-N07
0.00	20	20	S	2162007	                Pelagibacteraceae bacterium AG-464-B04
0.36	12669	0	G	198251	              Candidatus Pelagibacter
0.36	12508	0	G1	2647897	                unclassified Candidatus Pelagibacter
0.36	12508	12508	S	2024849	                  Candidatus Pelagibacter sp.
0.00	161	161	S	198252	                Candidatus Pelagibacter ubique
0.31	10913	0	F1	1667050	              environmental samples
0.31	10913	10913	S	1667051	                uncultured Pelagibacteraceae bacterium
0.00	37	0	O1	1778488	            unclassified Pelagibacterales
0.00	37	37	S	2026776	              Pelagibacterales bacterium
1.19	41383	0	C1	33807	          unclassified Alphaproteobacteria
0.29	10006	10006	S	2013101	            Alphaproteobacteria bacterium MarineAlpha9_Bin6
0.27	9486	9486	S	2013069	            Alphaproteobacteria bacterium MarineAlpha3_Bin3
0.17	5835	5835	S	2013078	            Alphaproteobacteria bacterium MarineAlpha5_Bin3
0.12	4116	4116	S	2013068	            Alphaproteobacteria bacterium MarineAlpha3_Bin2
0.09	3195	3195	S	2013096	            Alphaproteobacteria bacterium MarineAlpha9_Bin1
0.05	1763	1763	S	2013104	            Alphaproteobacteria bacterium MarineAlpha10_Bin2
0.05	1640	1640	S	2013072	            Alphaproteobacteria bacterium MarineAlpha3_Bin6
0.05	1586	1586	S	2013105	            Alphaproteobacteria bacterium MarineAlpha10_Bin3
0.04	1418	1418	S	2013089	            Alphaproteobacteria bacterium MarineAlpha6_Bin2
0.05	1582	1582	S	1913988	            Alphaproteobacteria bacterium
0.01	494	494	S	2013102	            Alphaproteobacteria bacterium MarineAlpha9_Bin7
0.00	88	88	S	1948430	            Alphaproteobacteria bacterium UBA6544
0.00	59	59	S	2013070	            Alphaproteobacteria bacterium MarineAlpha3_Bin4
0.00	108	108	S	939296	            alpha proteobacterium SCGC AAA015-N04
0.86	29836	0	O	204441	          Rhodospirillales
0.81	28325	0	F	2844866	            Thalassospiraceae
0.81	28325	0	G	168934	              Thalassospira
0.41	14262	0	G1	2648997	                unclassified Thalassospira
0.40	13767	13767	S	501834	                  Thalassospira sp. MCCC 1A01148
0.01	374	374	S	2585190	                  Thalassospira sp. ER-Se-21-Dark
0.00	75	75	S	1912094	                  Thalassospira sp.
0.00	44	44	S	1616823	                  Thalassospira sp. HJ
0.38	13256	13256	S	732237	                Thalassospira povalilytica
0.02	556	556	S	502049	                Thalassospira profundimaris
0.01	250	250	S	220697	                Thalassospira xiamenensis
0.03	1046	0	O1	941843	            unclassified Rhodospirillales
0.03	1046	1046	S	2026786	              Rhodospirillales bacterium
0.01	392	0	F	41295	            Rhodospirillaceae
0.01	392	0	F1	41296	              unclassified Rhodospirillaceae
0.01	322	322	S	1898112	                Rhodospirillaceae bacterium
0.00	70	70	S	1986863	                Rhodospirillaceae bacterium TMED167
0.00	71	0	F	2844864	            Thalassobaculaceae
0.00	71	0	G	390876	              Nisaea
0.00	71	0	G1	2638033	                unclassified Nisaea
0.00	71	71	S	2024842	                  Nisaea sp.
0.43	14905	0	O	1191478	          Magnetococcales
0.43	14905	0	O1	2026758	            unclassified Magnetococcales
0.43	14905	14905	S	2026759	              Magnetococcales bacterium
0.25	8634	0	O	2800060	          Hyphomonadales
0.25	8634	0	F	69657	            Hyphomonadaceae
0.21	7222	0	G	85	              Hyphomonas
0.18	6136	0	G1	2630699	                unclassified Hyphomonas
0.17	6024	6024	S	1207058	                  Hyphomonas sp. L-53-1-40
0.00	81	81	S	1946637	                  Hyphomonas sp. UBA5111
0.00	30	30	S	1280944	                  Hyphomonas sp. CY54-11-8
0.03	1085	1085	S	1280948	                Hyphomonas atlantica
0.03	1103	0	G	453849	              Henriciella
0.02	758	758	S	1977912	                Henriciella pelagia
0.01	344	0	G1	2627644	                unclassified Henriciella
0.01	344	344	S	1968823	                  Henriciella sp.
0.01	246	0	G	1123044	              Ponticaulis
0.01	246	0	G1	2614922	                unclassified Ponticaulis
0.01	246	246	S	2020902	                  Ponticaulis sp.
0.00	62	0	F1	69658	              unclassified Hyphomonadaceae
0.00	62	62	S	1986776	                Hyphomonadaceae bacterium TMED5
0.16	5707	0	O	356	          Hyphomicrobiales
0.06	2162	0	F	2829814	            Ahrensiaceae
0.06	2162	0	G	152180	              Ahrensia
0.06	2162	0	G1	2685101	                unclassified Ahrensia
0.06	2162	2162	S	1872419	                  Ahrensia sp.
0.05	1797	0	F	82115	            Rhizobiaceae
0.05	1797	0	F1	227290	              Rhizobium/Agrobacterium group
0.05	1797	0	G	357	                Agrobacterium
0.04	1547	1547	S	1183413	                  Agrobacterium salinitolerans
0.01	249	0	G1	1183400	                  Agrobacterium tumefaciens complex
0.01	249	249	S	358	                    Agrobacterium tumefaciens
0.02	741	0	F	2821832	            Stappiaceae
0.01	445	0	G	150830	              Roseibium
0.01	445	445	S	187304	                Roseibium aggregatum
0.01	296	0	G	152161	              Stappia
0.01	296	296	S	538381	                Stappia indica
0.01	345	0	F	255475	            Aurantimonadaceae
0.01	328	0	G	182269	              Aurantimonas
0.01	328	328	S	182270	                Aurantimonas coralicida
0.00	17	0	G	217510	              Fulvimarina
0.00	17	17	S	937218	                Fulvimarina manganoxydans
0.01	275	0	F	119043	            Rhodobiaceae
0.01	275	0	F1	1712260	              unclassified Rhodobiaceae
0.01	275	275	S	2026785	                Rhodobiaceae bacterium
0.00	147	0	F	41294	            Nitrobacteraceae
0.00	147	0	G	1033	              Afipia
0.00	147	147	S	56946	                Afipia broomeae
0.00	71	0	O1	41292	            unclassified Hyphomicrobiales
0.00	35	35	S	1951217	              Rhizobiales bacterium UBA1912
0.00	36	36	S	1909294	              Hyphomicrobiales bacterium
0.00	64	0	F	2831106	            Devosiaceae
0.00	64	0	G	1082930	              Pelagibacterium
0.00	64	0	G1	2623280	                unclassified Pelagibacterium
0.00	64	64	S	1967288	                  Pelagibacterium sp.
0.00	58	0	F	2813035	            Parvibaculaceae
0.00	58	0	G	256616	              Parvibaculum
0.00	58	0	G1	2646844	                unclassified Parvibaculum
0.00	58	58	S	2024848	                  Parvibaculum sp.
0.00	41	0	F	119045	            Methylobacteriaceae
0.00	41	0	G	2282523	              Methylorubrum
0.00	41	41	S	29427	                Methylorubrum rhodesianum
0.11	3795	0	O	2800059	          Maricaulales
0.11	3795	0	F	2800061	            Maricaulaceae
0.11	3676	0	G	74317	              Maricaulis
0.08	2626	0	G1	97907	                environmental samples
0.08	2626	2626	S	174710	                  uncultured Maricaulis sp.
0.03	962	962	S	74318	                Maricaulis maris
0.00	88	0	G1	2632371	                unclassified Maricaulis
0.00	88	88	S	1486257	                  Maricaulis sp.
0.00	118	0	G	153232	              Oceanicaulis
0.00	118	0	G1	2632123	                unclassified Oceanicaulis
0.00	98	98	S	2135616	                  Oceanicaulis sp. PT13A
0.00	19	19	S	314254	                  Oceanicaulis sp. HTCC2633
0.10	3419	0	C1	47925	          environmental samples
0.10	3419	3419	S	91750	            uncultured Alphaproteobacteria bacterium
0.02	868	0	C1	82117	          Alphaproteobacteria incertae sedis
0.02	811	0	C2	62654	            SAR116 cluster
0.02	811	0	C3	62655	              environmental samples
0.02	811	811	S	281031	                uncultured SAR116 cluster alpha proteobacterium
0.00	56	0	C2	2030919	            OCS116 cluster
0.00	56	0	C3	2030920	              environmental samples
0.00	56	56	S	648187	                uncultured OCS116 cluster bacterium
0.02	530	0	O	204458	          Caulobacterales
0.02	530	0	F	76892	            Caulobacteraceae
0.02	530	0	G	41275	              Brevundimonas
0.01	430	430	S	74316	                Brevundimonas aurantiaca
0.00	100	100	S	74329	                Brevundimonas mediterranea
0.01	228	0	O	766	          Rickettsiales
0.01	228	0	O1	1699067	            unclassified Rickettsiales
0.01	228	228	S	2026788	              Rickettsiales bacterium
0.00	16	0	O	255473	          Parvularculales
0.00	16	0	F	255474	            Parvularculaceae
0.00	16	0	G	2174441	              Marinicaulis
0.00	16	16	S	2058213	                Marinicaulis flavus
0.37	12781	0	C	1817794	        Candidatus Lambdaproteobacteria
0.37	12781	12781	S	2035771	          Candidatus Lambdaproteobacteria bacterium
0.11	3892	0	P1	81684	        unclassified Pseudomonadota
0.09	3236	3236	S	1948131	          Proteobacteria bacterium UBA1148
0.01	278	278	S	1948193	          Proteobacteria bacterium UBA6503
0.01	236	236	S	1948145	          Proteobacteria bacterium UBA2136
0.00	139	139	S	1977087	          Pseudomonadota bacterium
0.05	1794	0	C	28216	        Betaproteobacteria
0.05	1794	0	O	80840	          Burkholderiales
0.05	1566	0	F	119060	            Burkholderiaceae
0.05	1566	0	G	131079	              Limnobacter
0.05	1566	0	G1	2630203	                unclassified Limnobacter
0.04	1337	1337	S	2732163	                  Limnobacter sp. SAORIC-580
0.00	75	75	S	2653147	                  Limnobacter sp. 130
0.00	120	120	S	391597	                  Limnobacter sp. MED105
0.00	32	32	S	1813033	                  Limnobacter sp. CACIAM 66H1
0.01	228	0	F	80864	            Comamonadaceae
0.01	228	0	G	281915	              Curvibacter
0.01	228	0	G1	2685271	                unclassified Curvibacter
0.01	228	228	S	1888168	                  Curvibacter sp.
17.23	599510	0	D1	1783270	      FCB group
9.55	332270	0	D2	68336	        Bacteroidota/Chlorobiota group
8.29	288500	0	P	976	          Bacteroidota
6.80	236605	0	C	117743	            Flavobacteriia
6.80	236605	0	O	200644	              Flavobacteriales
6.62	230226	0	F	49546	                Flavobacteriaceae
3.92	136369	0	G	216431	                  Croceibacter
3.92	136369	136369	S	313588	                    Croceibacter atlanticus
0.86	29986	0	G	453850	                  Joostella
0.86	29986	29986	S	453852	                    Joostella marina
0.82	28684	0	G	283735	                  Leeuwenhoekiella
0.80	27720	27720	S	360293	                    Leeuwenhoekiella blandensis
0.02	524	524	S	573501	                    Leeuwenhoekiella palythoae
0.01	195	195	S	1655491	                    Leeuwenhoekiella nanhaiensis
0.01	204	204	S	988	                    Leeuwenhoekiella marinoflava
0.00	39	39	S	283736	                    Leeuwenhoekiella aequorea
0.27	9495	0	F1	61432	                  unclassified Flavobacteriaceae
0.26	8959	8959	S	1871037	                    Flavobacteriaceae bacterium
0.01	424	424	S	2483459	                    Flavobacteriaceae bacterium PRS1
0.00	87	87	S	1951834	                    Flavobacteriaceae bacterium UBA3611
0.00	23	23	S	1951857	                    Flavobacteriaceae bacterium UBA5534
0.25	8758	0	G	417127	                  Zunongwangia
0.25	8629	8629	S	398743	                    Zunongwangia profunda
0.00	86	86	S	1334022	                    Zunongwangia mangrovi
0.00	43	43	S	1502297	                    Zunongwangia atlantica
0.12	4339	0	G	111500	                  Muricauda
0.04	1460	1460	S	2162892	                    Muricauda brasiliensis
0.05	1761	1761	S	111501	                    Muricauda ruestringensis
0.02	849	849	S	2698672	                    Muricauda oceani
0.00	146	0	G1	2615049	                    unclassified Muricauda
0.00	59	59	S	192149	                      Muricauda sp.
0.00	62	62	S	1986608	                      Muricauda sp. TMED12
0.00	24	24	S	2663843	                      Muricauda sp. ARW1Y1
0.00	92	92	S	475082	                    Muricauda lutimaris
0.00	28	28	S	1005926	                    Muricauda taeanensis
0.11	3794	0	G	286104	                  Winogradskyella
0.11	3676	0	G1	2615021	                    unclassified Winogradskyella
0.11	3676	3676	S	1883156	                      Winogradskyella sp.
0.00	117	117	S	2608631	                    Winogradskyella ouciana
0.04	1306	0	G	363408	                  Nonlabens
0.03	1212	1212	S	328515	                    Nonlabens dokdonensis
0.00	49	49	S	392714	                    Nonlabens antarcticus
0.00	43	43	S	323273	                    Nonlabens tegetincola
0.04	1279	0	G	232115	                  Mesonia
0.03	1189	1189	S	369791	                    Mesonia mobilis
0.00	49	0	G1	2626817	                    unclassified Mesonia
0.00	49	49	S	1960830	                      Mesonia sp.
0.00	41	41	S	1504967	                    Mesonia aquimarina
0.03	1159	0	G	237444	                  Ulvibacter
0.03	1159	1159	S	2267620	                    Candidatus Ulvibacter alkanivorans
0.03	931	0	G	252356	                  Maribacter
0.03	892	892	S	320912	                    Maribacter dokdonensis
0.00	39	39	S	1178778	                    Maribacter cobaltidurans
0.02	809	0	G	237	                  Flavobacterium
0.02	585	585	S	1774945	                    Flavobacterium profundi
0.00	136	0	G1	196869	                    unclassified Flavobacterium
0.00	109	109	S	239	                      Flavobacterium sp.
0.00	26	26	S	2060419	                      Flavobacterium sp. J27
0.00	87	87	S	37752	                    Flavobacterium hibernum
0.02	740	0	G	444051	                  Mesoflavibacter
0.02	714	714	S	393060	                    Mesoflavibacter zeaxanthinifaciens
0.00	25	25	S	2708110	                    Mesoflavibacter profundi
0.02	551	0	G	1287916	                  Euzebyella
0.02	551	551	S	1761453	                    Euzebyella marina
0.01	405	0	G	49277	                  Psychroserpens
0.01	405	0	G1	2615011	                    unclassified Psychroserpens
0.01	405	405	S	1250004	                      Psychroserpens sp. Hel_I_66
0.01	388	0	G	143222	                  Salegentibacter
0.01	238	238	S	270918	                    Salegentibacter mishustinae
0.00	54	0	G1	2633436	                    unclassified Salegentibacter
0.00	54	54	S	1486285	                      Salegentibacter sp. R32
0.00	95	95	S	345907	                    Salegentibacter agarivorans
0.01	346	0	G	2715929	                  Aurantibacter
0.01	346	346	S	1266046	                    Aurantibacter aestuarii
0.01	193	0	G	2034843	                  Aquaticitalea
0.01	193	193	S	1247562	                    Aquaticitalea lipolytica
0.00	171	0	G	336276	                  Olleya
0.00	171	0	G1	2615019	                    unclassified Olleya
0.00	150	150	S	1250001	                      Olleya sp. Hel_I_94
0.00	21	21	S	2058135	                      Olleya sp. Bg11-27
0.00	136	0	G	326319	                  Dokdonia
0.00	136	136	S	326320	                    Dokdonia donghaensis
0.00	109	0	G	153265	                  Aequorivita
0.00	109	0	G1	2615031	                    unclassified Aequorivita
0.00	76	76	S	1947773	                      Aequorivita sp. UBA3180
0.00	33	33	S	1872390	                      Aequorivita sp.
0.00	67	0	G	1197472	                  Meridianimaribacter
0.00	67	67	S	571115	                    Meridianimaribacter flavus
0.00	52	0	G	178469	                  Arenibacter
0.00	52	52	S	616991	                    Arenibacter algicola
0.00	41	0	G	292691	                  Christiangramia
0.00	41	41	S	1486245	                    Christiangramia flava
0.00	29	0	G	221065	                  Kordia
0.00	29	0	G1	2685202	                    unclassified Kordia
0.00	29	29	S	1965332	                      Kordia sp.
0.00	28	0	G	252306	                  Robiginitalea
0.00	28	28	S	252307	                    Robiginitalea biformata
0.00	28	0	G	1434034	                  Pricia
0.00	28	28	S	641691	                    Pricia antarctica
0.00	20	0	G	2822394	                  Patiriisocius
0.00	20	20	S	1397112	                    Patiriisocius marinus
0.11	3913	0	O1	403978	                unclassified Flavobacteriales
0.11	3788	3788	S	2021391	                  Flavobacteriales bacterium
0.00	108	108	S	1951087	                  Flavobacteriales bacterium UBA7878
0.00	16	16	S	1950971	                  Flavobacteriales bacterium UBA2104
0.05	1723	0	F	246874	                Cryomorphaceae
0.05	1723	0	G	2819281	                  Acidiluteibacter
0.05	1723	1723	S	2692424	                    Acidiluteibacter ferrifornacis
0.02	529	0	F	1333713	                Schleiferiaceae
0.01	433	0	G	267986	                  Owenweeksia
0.01	433	0	G1	2644217	                    unclassified Owenweeksia
0.01	433	433	S	2024847	                      Owenweeksia sp.
0.00	96	0	G	2828338	                  Croceimicrobium
0.00	96	96	S	2761580	                    Croceimicrobium hydrocarbonivorans
0.01	212	0	F	1853230	                Crocinitomicaceae
0.01	212	0	F1	1986672	                  unclassified Crocinitomicaceae
0.01	212	212	S	2026728	                    Crocinitomicaceae bacterium
1.47	51220	0	C	768503	            Cytophagia
1.47	51220	0	O	768507	              Cytophagales
1.43	49741	0	F	2762306	                Roseivirgaceae
1.43	49741	0	G	290180	                  Roseivirga
1.43	49647	49647	S	333140	                    Roseivirga spongicola
0.00	30	30	S	1267423	                    Roseivirga pacifica
0.00	33	33	S	1914963	                    Roseivirga seohaensis
0.00	29	29	S	279360	                    Roseivirga ehrenbergii
0.02	772	0	F	563798	                Cyclobacteriaceae
0.02	675	0	G	246875	                  Algoriphagus
0.02	675	0	G1	2641541	                    unclassified Algoriphagus
0.02	675	675	S	2772483	                      Algoriphagus sp. Y33
0.00	96	0	G	68288	                  Cyclobacterium
0.00	56	56	S	388280	                    Cyclobacterium lianum
0.00	39	39	S	104	                    Cyclobacterium marinum
0.02	604	0	F	89373	                Cytophagaceae
0.02	604	0	F1	94253	                  unclassified Cytophagaceae
0.02	604	604	S	2026729	                    Cytophagaceae bacterium
0.00	57	0	F	2762302	                Reichenbachiellaceae
0.00	57	0	G	643701	                  Marinoscillum
0.00	57	0	G1	932003	                    environmental samples
0.00	57	57	S	932004	                      uncultured Marinoscillum sp.
0.00	45	0	F	2762301	                Marivirgaceae
0.00	45	0	G	869806	                  Marivirga
0.00	45	45	S	1046115	                    Marivirga lumbricoides
0.02	574	0	P1	50742	            environmental samples
0.02	574	574	S	152509	              uncultured Bacteroidetes bacterium
0.00	99	0	P1	37452	            unclassified Bacteroidota
0.00	99	99	S	1898104	              Bacteroidota bacterium
1.26	43673	0	P	1936987	          Balneolota
1.26	43673	0	C	1853221	            Balneolia
1.26	43673	0	O	1853223	              Balneolales
1.26	43673	0	F	1813606	                Balneolaceae
1.21	42186	0	F1	1951481	                  unclassified Balneolaceae
1.21	42149	42149	S	1951498	                    Balneolaceae bacterium UBA3186
0.00	37	37	S	1951519	                    Balneolaceae bacterium UBA7797
0.03	1207	0	G	455358	                  Balneola
0.03	1207	0	G1	2615059	                    unclassified Balneola
0.03	1040	1040	S	2024824	                      Balneola sp.
0.00	166	166	S	1849360	                      Balneola sp. EhC07
0.01	279	0	G	649462	                  Gracilimonas
0.01	216	0	G1	2644176	                    unclassified Gracilimonas
0.01	216	216	S	1974203	                      Gracilimonas sp.
0.00	62	62	S	1749045	                    Gracilimonas amylolytica
0.00	96	0	P	1853220	          Rhodothermota
0.00	96	0	C	1853222	            Rhodothermia
0.00	96	0	O	1853224	              Rhodothermales
0.00	72	0	F	1853227	                Rubricoccaceae
0.00	72	0	G	1434037	                  Rubrivirga
0.00	72	0	G1	2640460	                    unclassified Rubrivirga
0.00	72	72	S	1961794	                      Rubrivirga sp. SAORIC476
0.00	24	0	O1	2306053	                unclassified Rhodothermales
0.00	24	24	S	2306054	                  Rhodothermales bacterium
6.87	239049	0	P	62680	        Candidatus Marinimicrobia
6.81	236820	236820	S	2026760	          Candidatus Marinimicrobia bacterium
0.05	1860	1860	S	1953213	          Candidatus Marinimicrobia bacterium UBA1134
0.01	216	216	S	1953216	          Candidatus Marinimicrobia bacterium UBA1611
0.00	51	51	S	939857	          Marinimicrobia bacterium SCGC AAA298-D23
0.00	38	38	S	1953217	          Candidatus Marinimicrobia bacterium UBA2125
0.00	27	27	S	1953244	          Candidatus Marinimicrobia bacterium UBA6531
0.00	16	0	P1	925408	          environmental samples
0.00	16	16	S	195045	            uncultured Candidatus Marinimicrobia bacterium
0.00	17	17	S	1953254	          Candidatus Marinimicrobia bacterium UBA7300
0.80	27852	0	P	142182	        Gemmatimonadota
0.56	19429	0	P1	234665	          unclassified Gemmatimonadota
0.56	19429	19429	S	2026742	            Gemmatimonadota bacterium
0.24	8422	0	C	219685	          Gemmatimonadetes
0.24	8422	0	O	219686	            Gemmatimonadales
0.24	8422	0	O1	1951096	              unclassified Gemmatimonadales
0.24	8370	8370	S	1951102	                Gemmatimonadales bacterium UBA1142
0.00	16	16	S	1951110	                Gemmatimonadales bacterium UBA2988
0.00	35	35	S	1951099	                Gemmatimonadales bacterium UBA1120
0.01	302	0	P	142187	        Candidatus Hydrogenedentes
0.01	302	0	P1	1046981	          unclassified Candidatus Hydrogenedentes
0.01	302	302	S	2030809	            Candidatus Hydrogenedentes bacterium
0.00	34	0	P	74015	        Candidatus Latescibacteria
0.00	34	0	P1	910046	          unclassified Candidatus Latescibacteria
0.00	34	34	S	2053570	            Candidatus Latescibacteria bacterium
6.31	219355	0	D1	1783272	      Terrabacteria group
5.34	185709	0	P	200795	        Chloroflexota
3.61	125646	0	C	301297	          Dehalococcoidia
3.61	125630	0	C1	1318598	            unclassified Dehalococcoidia
2.05	71217	71217	S	2026734	              Dehalococcoidia bacterium
0.74	25878	25878	S	1948467	              Dehalococcoidia bacterium UBA1123
0.35	12263	12263	S	1948469	              Dehalococcoidia bacterium UBA1141
0.29	10160	10160	S	1948466	              Dehalococcoidia bacterium UBA1122
0.09	2967	2967	S	1948471	              Dehalococcoidia bacterium UBA1152
0.04	1474	1474	S	1948470	              Dehalococcoidia bacterium UBA1151
0.02	826	826	S	1948468	              Dehalococcoidia bacterium UBA1127
0.02	678	678	S	1948511	              Dehalococcoidia bacterium UBA6495
0.00	133	133	S	1948480	              Dehalococcoidia bacterium UBA2158
0.00	29	29	S	1948532	              Dehalococcoidia bacterium UBA7891
0.00	16	0	O	1202465	            Dehalococcoidales
0.00	16	0	O1	2006127	              environmental samples
0.00	16	16	S	2006128	                uncultured Dehalococcoidales bacterium
1.34	46677	0	P1	167963	          Chloroflexota incertae sedis
1.34	46677	0	P2	648176	            SAR202 cluster
1.34	46663	46663	S	2030829	              SAR202 cluster bacterium
0.00	13	13	S	2587833	              SAR202 cluster bacterium AC-647-N09_OGT_505m
0.35	12133	0	P1	189774	          unclassified Chloroflexota
0.35	12133	12133	S	2026724	            Chloroflexota bacterium
0.04	1251	0	C	292625	          Anaerolineae
0.04	1251	0	O	292629	            Anaerolineales
0.04	1251	0	O1	1674871	              unclassified Anaerolineales
0.04	1251	1251	S	1950187	                Anaerolineales bacterium UBA1136
0.95	33112	0	P	201174	        Actinomycetota
0.50	17442	0	C	1760	          Actinomycetes
0.23	7956	0	O	85009	            Propionibacteriales
0.23	7925	0	F	85015	              Nocardioidaceae
0.22	7820	0	G	1839	                Nocardioides
0.13	4589	0	G1	2615069	                  unclassified Nocardioides
0.13	4589	4589	S	1811554	                    Nocardioides sp. REDSEA-S33_B3
0.06	1921	1921	S	374514	                  Nocardioides marinus
0.04	1279	1279	S	374513	                  Nocardioides salarius
0.00	30	30	S	402297	                  Nocardioides daphniae
0.00	104	0	G	86795	                Marmoricola
0.00	104	104	S	2588938	                  Marmoricola caldifontis
0.00	31	0	F	31957	              Propionibacteriaceae
0.00	31	0	G	1912216	                Cutibacterium
0.00	31	31	S	1747	                  Cutibacterium acnes
0.13	4471	0	O	85006	            Micrococcales
0.13	4471	0	F	85023	              Microbacteriaceae
0.11	3854	0	G	33882	                Microbacterium
0.07	2523	0	G1	2609290	                  unclassified Microbacterium
0.06	2109	2109	S	1946941	                    Microbacterium sp. UBA1097
0.01	266	266	S	2578104	                    Microbacterium sp. 5K110
0.00	108	108	S	1070896	                    Microbacterium sp. BR1
0.00	38	38	S	51671	                    Microbacterium sp.
0.02	617	617	S	69362	                  Microbacterium schleiferi
0.02	549	549	S	2782167	                  Microbacterium luteum
0.00	164	164	S	84292	                  Microbacterium chocolatum
0.01	440	0	G	2831684	                Marinisubtilis
0.01	440	440	S	2591847	                  Marinisubtilis pacificus
0.00	138	0	F1	90316	                unclassified Microbacteriaceae
0.00	138	138	S	1952239	                  Microbacteriaceae bacterium UBA1487
0.00	37	0	G	1331730	                Chryseoglobus
0.00	37	37	S	2750620	                  Chryseoglobus indicus
0.13	4384	0	O	85007	            Mycobacteriales
0.12	4233	0	F	85025	              Nocardiaceae
0.12	4233	0	G	1827	                Rhodococcus
0.12	4233	0	G1	192944	                  unclassified Rhodococcus (in: high G+C Gram-positive bacteria)
0.12	4233	4233	S	2729731	                    Rhodococcus sp. KRD197
0.00	151	0	F	1762	              Mycobacteriaceae
0.00	151	0	G	1866885	                Mycolicibacterium
0.00	151	151	S	39694	                  Mycolicibacterium poriferae
0.01	421	0	C1	1389441	            Candidatus Actinomarinidae
0.01	421	0	O	1389450	              Candidatus Actinomarinales
0.01	421	0	O1	1389451	                Candidatus Actinomarineae
0.01	421	0	F	1389452	                  Candidatus Actinomarinaceae
0.01	421	0	G	1389453	                    Candidatus Actinomarina
0.01	421	0	G1	1985112	                      environmental samples
0.01	421	421	S	1985113	                        uncultured Candidatus Actinomarina sp.
0.00	121	0	C1	52018	            unclassified Actinomycetes
0.00	97	0	C2	62676	              marine Actinobacteria clade
0.00	97	97	S	2162610	                OCS155 cluster bacterium AG-426-D23
0.00	24	24	S	1883427	              Actinomycetia bacterium
0.00	86	0	O	85010	            Pseudonocardiales
0.00	86	0	F	2070	              Pseudonocardiaceae
0.00	86	0	G	1847	                Pseudonocardia
0.00	86	86	S	33907	                  Pseudonocardia alni
0.45	15669	0	C	84992	          Acidimicrobiia
0.45	15572	0	C1	121036	            unclassified Acidimicrobiia
0.45	15572	15572	S	2080302	              Acidimicrobiia bacterium
0.00	96	0	O	84993	            Acidimicrobiales
0.00	35	0	F	84994	              Acidimicrobiaceae
0.00	35	0	F1	667305	                unclassified Acidimicrobiaceae
0.00	35	35	S	2024894	                  Acidimicrobiaceae bacterium
0.00	34	0	F	1798913	              Microthrixaceae
0.00	34	0	G	41949	                Candidatus Microthrix
0.00	34	0	G1	2642024	                  unclassified Candidatus Microthrix
0.00	34	34	S	1946197	                    Candidatus Microthrix sp. UBA672
0.00	25	0	O1	1042324	              unclassified Acidimicrobiales
0.00	25	25	S	2201156	                Acidimicrobiales bacterium
0.01	331	0	P	1239	        Bacillota
0.01	301	301	S	1879010	          Bacillota bacterium
0.00	29	0	C	91061	          Bacilli
0.00	29	0	O	186826	            Lactobacillales
0.00	29	0	F	186828	              Carnobacteriaceae
0.00	29	0	G	191769	                Marinilactibacillus
0.00	29	29	S	258723	                  Marinilactibacillus piezotolerans
0.01	202	0	D2	1798711	        Cyanobacteriota/Melainabacteria group
0.00	139	0	P	1117	          Cyanobacteriota
0.00	139	0	C	3028117	            Cyanophyceae
0.00	139	0	O	2881377	              Pseudanabaenales
0.00	139	0	F	1890438	                Leptolyngbyaceae
0.00	139	0	G	1005722	                  Phormidesmis
0.00	139	0	G1	2636038	                    unclassified Phormidesmis
0.00	139	139	S	1828680	                      cf. Phormidesmis sp. LEGE 11477
0.00	62	0	P	1817808	          Candidatus Margulisbacteria
0.00	62	0	P1	2211321	            unclassified Candidatus Margulisbacteria
0.00	62	62	S	2053573	              Candidatus Margulisbacteria bacterium
5.57	193833	0	D1	68525	      delta/epsilon subdivisions
5.57	193833	0	C	28221	        Deltaproteobacteria
5.54	192835	0	C1	45456	          Deltaproteobacteria incertae sedis
5.54	192835	0	C2	131190	            SAR324 cluster
4.35	151505	151505	S	1795556	              SAR324 cluster bacterium SAR324-CTD7B
0.90	31404	31404	S	2024889	              SAR324 cluster bacterium
0.28	9761	0	C3	131191	              environmental samples
0.28	9761	9761	S	179114	                uncultured SAR324 cluster bacterium
0.00	140	140	S	1811637	              SAR324 cluster bacterium REDSEA-S27_B3
0.00	22	22	S	1764262	              SAR324 cluster bacterium lautmerah10
0.02	866	0	C1	122706	          unclassified Deltaproteobacteria
0.02	866	866	S	2026735	            Deltaproteobacteria bacterium
0.00	131	0	O	1779134	          Bradymonadales
0.00	131	0	F	2946505	            Microvenatoraceae
0.00	131	0	G	2946507	              Microvenator
0.00	131	131	S	2600177	                Microvenator marinus
3.48	121074	0	P	29547	      Campylobacterota
3.44	119673	0	C	3031852	        Epsilonproteobacteria
3.44	119673	0	O	213849	          Campylobacterales
3.44	119673	0	F	2771471	            Thiovulaceae
3.44	119673	0	G	202746	              Sulfurimonas
3.44	119673	0	G1	2623549	                unclassified Sulfurimonas
1.72	59956	59956	S	2022749	                  Sulfurimonas sp.
1.72	59717	59717	S	1947587	                  Sulfurimonas sp. UBA2011
0.04	1400	0	P1	122728	        unclassified Campylobacterota
0.04	1400	1400	S	2026809	          Campylobacterota bacterium
0.66	22926	0	D1	1783257	      PVC group
0.53	18360	0	P	74201	        Verrucomicrobiota
0.51	17634	0	P1	417295	          unclassified Verrucomicrobiota
0.50	17506	17506	S	2026799	            Verrucomicrobiota bacterium
0.00	127	127	S	1948281	            Verrucomicrobia bacterium UBA673
0.01	506	0	C	203494	          Verrucomicrobiae
0.01	506	0	O	48461	            Verrucomicrobiales
0.01	506	0	O1	388747	              unclassified Verrucomicrobiales
0.01	506	506	S	2026801	                Verrucomicrobiales bacterium
0.00	164	0	C	414999	          Opitutae
0.00	85	0	C1	503183	            unclassified Opitutae
0.00	85	85	S	2026771	              Opitutae bacterium
0.00	60	0	O	415001	            Puniceicoccales
0.00	60	0	F	415002	              Puniceicoccaceae
0.00	60	0	F1	1986243	                unclassified Puniceicoccaceae
0.00	60	60	S	2026784	                  Puniceicoccaceae bacterium
0.00	19	0	O	415000	            Opitutales
0.00	19	0	F	134623	              Opitutaceae
0.00	19	0	F1	278955	                unclassified Opitutaceae
0.00	19	19	S	2006848	                  Opitutaceae bacterium
0.00	55	0	P1	74202	          environmental samples
0.00	55	55	S	156588	            uncultured Verrucomicrobiota bacterium
0.13	4565	0	P	203682	        Planctomycetota
0.08	2893	0	P1	473814	          unclassified Planctomycetota
0.03	1156	1156	S	2026780	            Planctomycetota bacterium
0.03	930	930	S	1948125	            Planctomycetes bacterium UBA1146
0.02	806	806	S	1948124	            Planctomycetes bacterium UBA1135
0.04	1405	0	C	203683	          Planctomycetia
0.04	1332	0	O	112	            Planctomycetales
0.04	1332	0	F	126	              Planctomycetaceae
0.04	1332	0	F1	69476	                unclassified Planctomycetaceae
0.04	1332	1332	S	2026779	                  Planctomycetaceae bacterium
0.00	73	0	O	2691354	            Pirellulales
0.00	57	0	O1	2715252	              unclassified Pirellulales
0.00	57	57	S	2715253	                Pirellulales bacterium
0.00	16	0	F	2691359	              Lacipirellulaceae
0.00	16	0	G	2795782	                Botrimarina
0.00	16	16	S	2528022	                  Botrimarina mediterranea
0.01	266	0	C	666505	          Phycisphaerae
0.00	144	0	O	666506	            Phycisphaerales
0.00	130	0	O1	1500946	              unclassified Phycisphaerales
0.00	82	82	S	1951186	                Phycisphaerales bacterium UBA1910
0.00	47	47	S	2052180	                Phycisphaerales bacterium
0.00	14	0	F	666507	              Phycisphaeraceae
0.00	14	0	F1	1385974	                unclassified Phycisphaeraceae
0.00	14	14	S	2026777	                  Phycisphaeraceae bacterium
0.00	122	0	C1	1546154	            unclassified Phycisphaerae
0.00	122	122	S	2026778	              Phycisphaerae bacterium
0.48	16788	0	P	57723	      Acidobacteriota
0.48	16788	0	P1	305072	        unclassified Acidobacteriota
0.48	16762	16762	S	1978231	          Acidobacteriota bacterium
0.00	25	25	S	1953113	          Acidobacteria bacterium UBA823
0.47	16437	0	P	3018035	      Bdellovibrionota
0.37	12934	0	C	3031419	        Bacteriovoracia
0.37	12934	0	O	2024979	          Bacteriovoracales
0.37	12845	0	F	1652132	            Halobacteriovoraceae
0.28	9818	0	F1	2026744	              unclassified Halobacteriovoraceae
0.28	9818	9818	S	2026745	                Halobacteriovoraceae bacterium
0.09	3027	0	G	1652133	              Halobacteriovorax
0.09	3027	0	G1	2639665	                unclassified Halobacteriovorax
0.07	2558	2558	S	2020862	                  Halobacteriovorax sp.
0.01	453	453	S	2109558	                  Halobacteriovorax sp. BALOs_7
0.00	15	15	S	2067553	                  Halobacteriovorax sp. DA5
0.00	88	0	F	263369	            Bacteriovoracaceae
0.00	88	0	F1	1961474	              unclassified Bacteriovoracaceae
0.00	88	88	S	2081706	                Bacteriovoracaceae bacterium
0.10	3502	0	C	3031418	        Bdellovibrionia
0.10	3502	0	O	213481	          Bdellovibrionales
0.10	3502	0	F	213483	            Pseudobdellovibrionaceae
0.09	2989	0	G	213485	              Micavibrio
0.09	2989	0	G1	2648014	                unclassified Micavibrio
0.03	1125	1125	S	1946909	                  Micavibrio sp. UBA1850
0.04	1460	1460	S	1986607	                  Micavibrio sp. TMED27
0.01	403	403	S	2024841	                  Micavibrio sp.
0.01	512	0	F1	1961502	              unclassified Pseudobdellovibrionaceae
0.01	457	457	S	1961516	                Bdellovibrionaceae bacterium UBA6502
0.00	40	40	S	2026715	                Pseudobdellovibrionaceae bacterium
0.00	15	15	S	1961504	                Bdellovibrionaceae bacterium UBA1609
0.31	10942	0	P	2818505	      Myxococcota
0.31	10918	0	P1	3031711	        Polyangia
0.31	10918	0	O	3031712	          Polyangiales
0.31	10918	0	F	1055686	            Sandaracinaceae
0.31	10918	0	F1	2510336	              unclassified Sandaracinaceae
0.31	10918	10918	S	2510337	                Sandaracinaceae bacterium
0.00	23	0	C	32015	        Myxococcia
0.00	23	0	O	29	          Myxococcales
0.00	23	0	O1	213495	            unclassified Myxococcales
0.00	23	23	S	2026763	              Myxococcales bacterium
0.27	9500	0	D1	1802340	      Nitrospinae/Tectomicrobia group
0.27	9500	0	P	1293497	        Nitrospinota
0.27	9500	0	C	1293498	          Nitrospinia
0.27	9500	0	O	1293499	            Nitrospinales
0.27	9500	0	F	407032	              Nitrospinaceae
0.26	9213	0	G	35800	                Nitrospina
0.26	9213	0	G1	2638683	                  unclassified Nitrospina
0.26	9191	9191	S	2024844	                    Nitrospina sp.
0.00	21	21	S	1671875	                    Nitrospina sp. LS_NOB
0.01	274	0	G	2814657	                Candidatus Nitromaritima
0.01	274	274	S	913337	                  Candidatus Nitromaritima sp. SCGC AAA288-L16
0.00	13	0	F1	1953041	                unclassified Nitrospinaceae
0.00	13	13	S	2358456	                  Nitrospinaceae bacterium
0.02	792	0	D1	2323	      Bacteria incertae sedis
0.02	792	0	D2	1783234	        Bacteria candidate phyla
0.01	451	0	P	1752716	          Candidatus Dadabacteria
0.01	451	451	S	1953208	            Candidatus Dadabacteria bacterium UBA1144
0.01	238	0	P	265317	          Candidatus Poribacteria
0.01	238	0	P1	2894089	            unclassified Candidatus Poribacteria
0.01	238	238	S	2026781	              Candidatus Poribacteria bacterium
0.00	58	0	D3	1783273	          Patescibacteria group
0.00	30	0	D4	1794811	            Parcubacteria group
0.00	30	0	P	1752732	              Candidatus Uhrbacteria
0.00	30	30	S	2053634	                Candidatus Uhrbacteria bacterium
0.00	28	0	D4	1948766	            unclassified Patescibacteria group
0.00	28	28	S	2052139	              Patescibacteria group bacterium
0.00	43	0	D3	1817891	          unclassified Bacteria candidate phyla
0.00	43	43	S	1953411	            bacterium UBP10_UBA1149
0.01	495	0	P	40117	      Nitrospirota
0.01	495	0	C	203693	        Nitrospiria
0.01	495	0	O	189778	          Nitrospirales
0.01	384	0	O1	212210	            unclassified Nitrospirales
0.01	384	384	S	2358460	              Nitrospirales bacterium
0.00	110	0	F	189779	            Nitrospiraceae
0.00	110	0	F1	688163	              unclassified Nitrospiraceae
0.00	110	110	S	1952976	                Nitrospiraceae bacterium UBA2166
0.00	34	0	D1	49928	      unclassified Bacteria
0.00	34	34	S	1869227	        bacterium
6.29	218870	0	D	2157	    Archaea
5.17	179885	0	D1	1783275	      TACK group
5.17	179885	0	P	651137	        Nitrososphaerota
4.83	168019	0	P1	651142	          Nitrososphaerota incertae sedis
4.61	160313	0	P2	905826	            Marine Group I
4.60	159907	159907	S	2511932	              Marine Group I thaumarchaeote
0.01	405	405	S	913333	              Thaumarchaeota archaeon SCGC AAA007-O23
0.22	7705	0	G	1593364	            Candidatus Nitrosopelagicus
0.22	7705	0	G1	2639127	              unclassified Candidatus Nitrosopelagicus
0.22	7705	7705	S	2026808	                Candidatus Nitrosopelagicus sp.
0.34	11852	0	P1	1104572	          unclassified Nitrososphaerota
0.19	6748	6748	S	2026795	            Nitrososphaerota archaeon
0.15	5103	5103	S	1298885	            Thaumarchaeota archaeon SCGC AAA282-K18
0.00	14	0	C	1643678	          Nitrososphaeria
0.00	14	0	O	31932	            Nitrosopumilales
0.00	14	0	O1	1915697	              unclassified Nitrosopumilales
0.00	14	14	S	2026768	                Nitrosopumilales archaeon
1.05	36500	0	P	2283796	      Candidatus Thermoplasmatota
1.00	34686	0	C	2599185	        Candidatus Poseidoniia
1.00	34686	0	O	133814	          Candidatus Poseidoniales
0.60	21007	0	O1	2599254	            unclassified Candidatus Poseidoniales
0.31	10836	10836	S	1915943	              Euryarchaeota archaeon UBA58
0.16	5483	5483	S	2163009	              Candidatus Poseidoniales archaeon
0.07	2593	2593	S	1915914	              Euryarchaeota archaeon UBA528
0.03	1151	1151	S	1915951	              Euryarchaeota archaeon UBA60
0.03	917	917	S	1915945	              Euryarchaeota archaeon UBA59
0.00	12	12	S	1915792	              Euryarchaeota archaeon UBA111
0.00	13	13	S	1915828	              Euryarchaeota archaeon UBA182
0.39	13679	0	F	2599196	            Candidatus Thalassarchaeaceae
0.39	13679	0	G	1680826	              Candidatus Thalassoarchaea
0.39	13679	13679	S	2599289	                Candidatus Thalassoarchaea betae
0.05	1813	0	C	183967	        Thermoplasmata
0.05	1813	0	O	347538	          Candidatus Thermoprofundales
0.05	1769	1769	S	1915770	            Euryarchaeota archaeon UBA136
0.00	44	44	S	1915775	            Euryarchaeota archaeon UBA488
0.07	2413	0	P	28890	      Euryarchaeota
0.06	2023	0	P1	115531	        unclassified Euryarchaeota
0.06	2023	2023	S	2026739	          Euryarchaeota archaeon
0.01	390	0	P1	33867	        Euryarchaeota incertae sedis
0.01	390	0	P2	124423	          Marine Group IV
0.01	390	0	P3	2666252	            unclassified Marine Group IV
0.01	390	390	S	2675329	              Marine Group IV archaeon HikBin4
0.00	36	0	D1	1783276	      DPANN group
0.00	22	0	D2	1801617	        Candidatus Pacearchaeota
0.00	22	22	S	2026773	          Candidatus Pacearchaeota archaeon
0.00	13	0	P	192989	        Nanoarchaeota
0.00	13	0	C	2885752	          Candidatus Nanoarchaeia
0.00	13	0	O	1890940	            Nanoarchaeales
0.00	13	0	O1	2730348	              unclassified Nanoarchaeales
0.00	13	13	S	2730349	                Nanoarchaeales archaeon
0.00	18	0	D1	1935183	      Asgard group
0.00	18	0	P	1936272	        Candidatus Heimdallarchaeota
0.00	18	18	S	2026747	          Candidatus Heimdallarchaeota archaeon
0.00	15	0	D1	93506	      unclassified Archaea
0.00	15	15	S	1906665	        archaeon
